date,type,amount_inr,category,withdrawal,deposit,balance,ref_no
2023-01-01,DEBIT,3950.0,Rent,3950.0,0.0,1837.23,300000000000
2023-01-03,DEBIT,105.0,Misc,105.0,0.0,1732.23,300000000000
2023-01-03,CREDIT,55.0,Misc,0.0,55.0,1787.23,337000000000
2023-01-03,DEBIT,56.0,Food,56.0,0.0,1731.23,300000000000
2023-01-03,DEBIT,1.0,Misc,1.0,0.0,1730.23,337000000000
2023-01-03,DEBIT,30.0,Food,30.0,0.0,1700.23,300000000000
2023-01-04,DEBIT,500.0,Misc,500.0,0.0,1200.23,300000000000
2023-01-04,DEBIT,1.0,Misc,1.0,0.0,1199.23,300000000000
2023-01-04,DEBIT,500.0,Misc,500.0,0.0,699.23,300000000000
2023-01-10,DEBIT,27.0,Food,27.0,0.0,1421.73,338000000000
2023-01-10,DEBIT,131.5,Food,131.5,0.0,1448.73,338000000000
2023-01-10,DEBIT,40.0,Food,40.0,0.0,1600.23,338000000000
2023-01-10,DEBIT,110.0,Misc,110.0,0.0,1640.23,338000000000
2023-01-10,DEBIT,20.0,Food,20.0,0.0,1580.23,301000000000
2023-01-10,CREDIT,1289.0,Misc,0.0,1289.0,1801.23,338000000000
2023-01-10,DEBIT,10.0,Food,10.0,0.0,512.23,301000000000
2023-01-10,DEBIT,149.0,Misc,149.0,0.0,522.23,301000000000
2023-01-10,DEBIT,28.0,Food,28.0,0.0,671.23,301000000000
2023-01-10,DEBIT,51.0,Food,51.0,0.0,1750.23,301000000000
2023-01-11,DEBIT,20.0,Food,20.0,0.0,873.73,301000000000
2023-01-11,DEBIT,50.0,Food,50.0,0.0,893.73,338000000000
2023-01-11,DEBIT,305.0,Misc,305.0,0.0,943.73,338000000000
2023-01-11,DEBIT,30.0,Food,30.0,0.0,1248.73,338000000000
2023-01-11,DEBIT,60.0,Food,60.0,0.0,1278.73,338000000000
2023-01-11,CREDIT,33.0,Misc,0.0,33.0,1371.73,301000000000
2023-01-11,DEBIT,33.0,Food,33.0,0.0,1338.73,301000000000
2023-01-11,CREDIT,33.0,Misc,0.0,33.0,1371.73,338000000000
2023-01-11,DEBIT,33.0,Food,33.0,0.0,1338.73,338000000000
2023-01-11,DEBIT,50.0,Food,50.0,0.0,1371.73,301000000000
2023-01-11,DEBIT,33.0,Food,33.0,0.0,1338.73,301000000000
2023-01-12,DEBIT,30.0,Food,30.0,0.0,648.73,338000000000
2023-01-12,DEBIT,20.0,Food,20.0,0.0,628.73,301000000000
2023-01-12,DEBIT,60.0,Food,60.0,0.0,678.73,301000000000
2023-01-12,DEBIT,35.0,Food,35.0,0.0,738.73,301000000000
2023-01-12,DEBIT,10.0,Food,10.0,0.0,773.73,338000000000
2023-01-12,DEBIT,33.0,Food,33.0,0.0,783.73,301000000000
2023-01-12,DEBIT,57.0,Food,57.0,0.0,816.73,338000000000
2023-02-01,DEBIT,30.0,Food,30.0,0.0,11626.97,303000000000
2023-02-01,DEBIT,20.0,Food,20.0,0.0,11606.97,340000000000
2023-02-01,DEBIT,80.0,Food,80.0,0.0,11526.97,303000000000
2023-02-02,DEBIT,5776.0,Rent,5776.0,0.0,5750.97,303000000000
2023-02-02,DEBIT,20.0,Food,20.0,0.0,5730.97,340000000000
2023-02-02,DEBIT,144.87,Food,144.87,0.0,5586.1,303000000000
2023-02-02,DEBIT,40.0,Food,40.0,0.0,5546.1,340000000000
2023-02-02,DEBIT,30.0,Food,30.0,0.0,5516.1,340000000000
2023-02-02,DEBIT,170.0,Misc,170.0,0.0,5346.1,340000000000
2023-02-03,DEBIT,40.0,Food,40.0,0.0,5021.1,340000000000
2023-02-03,DEBIT,190.0,Misc,190.0,0.0,5061.1,340000000000
2023-02-03,CREDIT,500.0,Misc,0.0,500.0,5268.1,303000000000
2023-02-03,DEBIT,17.0,Food,17.0,0.0,5251.1,340000000000
2023-02-03,DEBIT,50.0,Food,50.0,0.0,5268.1,340000000000
2023-02-03,DEBIT,28.0,Food,28.0,0.0,5318.1,303000000000
2023-02-03,DEBIT,500.0,Misc,500.0,0.0,4768.1,303000000000
2023-02-04,DEBIT,30.0,Food,30.0,0.0,4733.1,340000000000
2023-02-04,DEBIT,200.0,Misc,200.0,0.0,4821.1,304000000000
2023-02-04,DEBIT,30.0,Food,30.0,0.0,4791.1,340000000000
2023-02-04,DEBIT,40.0,Food,40.0,0.0,4751.1,304000000000
2023-02-04,CREDIT,152.0,Misc,0.0,152.0,4903.1,340000000000
2023-02-04,DEBIT,140.0,Misc,140.0,0.0,4763.1,340000000000
2023-02-04,DEBIT,40.0,Food,40.0,0.0,4693.1,340000000000
2023-02-05,DEBIT,40.0,Food,40.0,0.0,4653.1,340000000000
2023-02-05,DEBIT,180.0,Misc,180.0,0.0,4473.1,340000000000
2023-02-06,DEBIT,700.0,Misc,700.0,0.0,3573.1,304000000000
2023-02-06,DEBIT,20.0,Food,20.0,0.0,4273.1,304000000000
2023-02-06,DEBIT,20.0,Food,20.0,0.0,3553.1,340000000000
2023-02-06,DEBIT,80.0,Food,80.0,0.0,4393.1,340000000000
2023-02-06,DEBIT,100.0,Food,100.0,0.0,4293.1,340000000000
2023-02-07,DEBIT,40.0,Food,40.0,0.0,3412.1,340000000000
2023-02-07,DEBIT,10.0,Food,10.0,0.0,3402.1,340000000000
2023-02-07,DEBIT,65.0,Food,65.0,0.0,3488.1,340000000000
2023-02-07,DEBIT,36.0,Food,36.0,0.0,3452.1,304000000000
2023-02-08,DEBIT,150.28,Food,150.28,0.0,3251.82,341000000000
2023-02-08,DEBIT,20.0,Food,20.0,0.0,3231.82,304000000000
2023-02-08,DEBIT,500.0,Misc,500.0,0.0,2731.82,304000000000
2023-02-08,DEBIT,30.0,Food,30.0,0.0,2701.82,341000000000
2023-02-09,DEBIT,33.0,Food,33.0,0.0,2668.82,304000000000
2023-02-09,DEBIT,30.0,Food,30.0,0.0,2638.82,341000000000
2023-02-09,DEBIT,474.0,Shopping,474.0,0.0,2164.82,304000000000
2023-02-09,DEBIT,32.0,Food,32.0,0.0,2132.82,341000000000
2023-02-09,DEBIT,20.0,Food,20.0,0.0,2112.82,341000000000
2023-02-10,DEBIT,30.0,Food,30.0,0.0,1838.82,341000000000
2023-02-10,DEBIT,39.0,Food,39.0,0.0,1868.82,304000000000
2023-02-10,DEBIT,60.0,Food,60.0,0.0,1907.82,304000000000
2023-02-10,DEBIT,52.0,Food,52.0,0.0,1786.82,341000000000
2023-02-10,DEBIT,54.0,Food,54.0,0.0,2018.82,341000000000
2023-02-10,DEBIT,40.0,Food,40.0,0.0,2072.82,304000000000
2023-02-10,DEBIT,51.0,Food,51.0,0.0,1967.82,341000000000
2023-02-11,CREDIT,500.0,Misc,0.0,500.0,2257.54,304000000000
2023-02-11,DEBIT,60.0,Food,60.0,0.0,1757.54,341000000000
2023-02-11,DEBIT,150.28,Food,150.28,0.0,1817.54,304000000000
2023-02-11,CREDIT,249.0,Shopping,0.0,249.0,2035.82,304000000000
2023-02-11,DEBIT,261.0,Shopping,261.0,0.0,1999.82,304000000000
2023-02-11,CREDIT,225.0,Shopping,0.0,225.0,2260.82,304000000000
2023-02-11,DEBIT,32.0,Food,32.0,0.0,1967.82,304000000000
2023-02-12,DEBIT,44.0,Food,44.0,0.0,1883.54,341000000000
2023-02-12,DEBIT,100.0,Food,100.0,0.0,1783.54,341000000000
2023-02-12,DEBIT,500.0,Misc,500.0,0.0,1283.54,304000000000
2023-02-12,DEBIT,117.0,Misc,117.0,0.0,1166.54,304000000000
2023-02-12,DEBIT,25.0,Food,25.0,0.0,1141.54,304000000000
2023-02-12,DEBIT,30.0,Food,30.0,0.0,1111.54,304000000000
2023-02-12,DEBIT,330.0,Misc,330.0,0.0,1927.54,341000000000
2023-03-01,DEBIT,60.0,Food,60.0,0.0,11836.89,343000000000
2023-03-01,DEBIT,30.0,Food,30.0,0.0,11806.89,343000000000
2023-03-02,DEBIT,30.0,Food,30.0,0.0,11088.89,343000000000
2023-03-02,DEBIT,500.0,Misc,500.0,0.0,11118.89,343000000000
2023-03-02,DEBIT,50.0,Food,50.0,0.0,11618.89,343000000000
2023-03-02,DEBIT,28.0,Food,28.0,0.0,11778.89,343000000000
2023-03-02,DEBIT,110.0,Misc,110.0,0.0,11668.89,343000000000
2023-03-03,DEBIT,33.0,Food,33.0,0.0,11055.89,343000000000
2023-03-03,DEBIT,240.0,Misc,240.0,0.0,10815.89,343000000000
2023-03-03,DEBIT,60.0,Food,60.0,0.0,10755.89,343000000000
2023-03-03,DEBIT,6490.0,Rent,6490.0,0.0,4265.89,306000000000
2023-03-03,DEBIT,35.0,Food,35.0,0.0,4230.89,306000000000
2023-03-04,DEBIT,105.0,Misc,105.0,0.0,4125.89,306000000000
2023-03-04,DEBIT,10.0,Food,10.0,0.0,4115.89,306000000000
2023-03-04,DEBIT,30.0,Food,30.0,0.0,4085.89,343000000000
2023-03-04,DEBIT,25.0,Food,25.0,0.0,4060.89,343000000000
2023-03-04,DEBIT,200.0,Misc,200.0,0.0,3860.89,306000000000
2023-03-04,DEBIT,420.0,Misc,420.0,0.0,3440.89,343000000000
2023-03-04,DEBIT,40.0,Food,40.0,0.0,3400.89,343000000000
2023-03-05,DEBIT,20.0,Food,20.0,0.0,2410.89,306000000000
2023-03-05,DEBIT,500.0,Misc,500.0,0.0,2430.89,306000000000
2023-03-05,DEBIT,40.0,Food,40.0,0.0,2930.89,306000000000
2023-03-05,DEBIT,100.0,Food,100.0,0.0,3270.89,343000000000
2023-03-05,DEBIT,30.0,Food,30.0,0.0,3370.89,306000000000
2023-03-05,DEBIT,300.0,Misc,300.0,0.0,2970.89,306000000000
2023-03-06,CREDIT,131.0,Misc,0.0,131.0,2541.89,343000000000
2023-03-06,DEBIT,50.0,Food,50.0,0.0,2491.89,343000000000
2023-03-06,DEBIT,37.0,Food,37.0,0.0,2454.89,307000000000
2023-03-06,DEBIT,40.0,Food,40.0,0.0,2414.89,343000000000
2023-03-07,DEBIT,35.0,Food,35.0,0.0,2232.89,343000000000
2023-03-07,DEBIT,25.0,Food,25.0,0.0,2267.89,307000000000
2023-03-07,DEBIT,72.0,Food,72.0,0.0,2342.89,343000000000
2023-03-07,DEBIT,50.0,Food,50.0,0.0,2292.89,343000000000
2023-03-08,DEBIT,7.0,Misc,7.0,0.0,2225.89,307000000000
2023-03-08,DEBIT,30.0,Food,30.0,0.0,2195.89,307000000000
2023-03-08,DEBIT,75.0,Food,75.0,0.0,2120.89,307000000000
2023-03-08,DEBIT,150.5,Misc,150.5,0.0,1970.39,307000000000
2023-03-08,DEBIT,40.0,Food,40.0,0.0,1930.39,307000000000
2023-03-09,DEBIT,79.0,Food,79.0,0.0,1453.39,307000000000
2023-03-09,DEBIT,160.87,Food,160.87,0.0,1292.52,343000000000
2023-03-09,DEBIT,60.0,Food,60.0,0.0,1532.39,343000000000
2023-03-09,DEBIT,34.0,Food,34.0,0.0,1797.39,307000000000
2023-03-09,DEBIT,99.0,Food,99.0,0.0,1831.39,307000000000
2023-03-09,DEBIT,205.0,Misc,205.0,0.0,1592.39,343000000000
2023-03-10,DEBIT,50.0,Food,50.0,0.0,1242.52,307000000000
2023-03-10,DEBIT,50.0,Food,50.0,0.0,1192.52,344000000000
2023-03-10,DEBIT,214.96,Food,214.96,0.0,977.56,307000000000
2023-03-10,CREDIT,300.0,Misc,0.0,300.0,1277.56,307000000000
2023-03-10,DEBIT,70.0,Food,70.0,0.0,1207.56,307000000000
2023-03-11,DEBIT,500.0,Misc,500.0,0.0,855.56,307000000000
2023-03-11,DEBIT,62.0,Food,62.0,0.0,1145.56,307000000000
2023-03-11,CREDIT,210.0,Misc,0.0,210.0,1355.56,344000000000
2023-03-11,DEBIT,60.0,Food,60.0,0.0,795.56,344000000000
2023-03-11,DEBIT,25.3,Food,25.3,0.0,770.26,344000000000
2023-03-12,DEBIT,40.0,Food,40.0,0.0,306.26,344000000000
2023-03-12,DEBIT,54.0,Food,54.0,0.0,346.26,344000000000
2023-03-12,DEBIT,30.0,Food,30.0,0.0,440.26,307000000000
2023-03-12,DEBIT,300.0,Misc,300.0,0.0,470.26,307000000000
2023-03-12,DEBIT,40.0,Food,40.0,0.0,400.26,307000000000
2023-04-01,DEBIT,42.0,Food,42.0,0.0,5827.79,346000000000
2023-04-01,DEBIT,550.0,Misc,550.0,0.0,5869.79,309000000000
2023-04-01,DEBIT,267.15,Food,267.15,0.0,6419.79,309000000000
2023-04-01,DEBIT,6356.0,Rent,6356.0,0.0,6696.94,309000000000
2023-04-01,CREDIT,32.0,Misc,0.0,32.0,6728.94,0
2023-04-01,DEBIT,42.0,Food,42.0,0.0,6686.94,309000000000
2023-04-02,DEBIT,32.0,Food,32.0,0.0,5795.79,346000000000
2023-04-02,DEBIT,150.0,Misc,150.0,0.0,5645.79,309000000000
2023-04-02,DEBIT,1200.0,Misc,1200.0,0.0,4445.79,346000000000
2023-04-03,DEBIT,20.0,Food,20.0,0.0,5163.79,309000000000
2023-04-03,DEBIT,295.0,Misc,295.0,0.0,5183.79,309000000000
2023-04-03,DEBIT,10.0,Food,10.0,0.0,5153.79,346000000000
2023-04-03,DEBIT,82.0,Food,82.0,0.0,5563.79,346000000000
2023-04-03,CREDIT,1200.0,Misc,0.0,1200.0,5645.79,346000000000
2023-04-03,DEBIT,85.0,Food,85.0,0.0,5478.79,309000000000
2023-04-04,DEBIT,54.0,Shopping,54.0,0.0,3688.79,346000000000
2023-04-04,DEBIT,65.0,Food,65.0,0.0,3742.79,309000000000
2023-04-04,DEBIT,144.0,Misc,144.0,0.0,3807.79,346000000000
2023-04-04,DEBIT,150.0,Misc,150.0,0.0,5003.79,346000000000
2023-04-04,DEBIT,52.0,Food,52.0,0.0,4951.79,346000000000
2023-04-04,DEBIT,1000.0,Misc,1000.0,0.0,3951.79,309000000000
2023-04-05,CREDIT,54.0,Shopping,0.0,54.0,3742.79,310000000000
2023-04-05,DEBIT,2000.0,Misc,2000.0,0.0,1742.79,310000000000
2023-04-05,DEBIT,42.0,Food,42.0,0.0,1700.79,310000000000
2023-04-05,DEBIT,300.0,Misc,300.0,0.0,1400.79,310000000000
2023-04-05,DEBIT,90.0,Food,90.0,0.0,1310.79,310000000000
2023-04-06,DEBIT,30.0,Food,30.0,0.0,1280.79,310000000000
2023-04-06,DEBIT,20.0,Food,20.0,0.0,1260.79,310000000000
2023-04-06,DEBIT,250.0,Misc,250.0,0.0,1010.79,346000000000
2023-04-06,DEBIT,120.0,Misc,120.0,0.0,890.79,310000000000
2023-04-06,DEBIT,20.0,Food,20.0,0.0,870.79,310000000000
2023-04-07,DEBIT,51.0,Food,51.0,0.0,367.79,346000000000
2023-04-07,DEBIT,220.0,Misc,220.0,0.0,418.79,346000000000
2023-04-07,DEBIT,20.0,Food,20.0,0.0,638.79,310000000000
2023-04-07,DEBIT,65.0,Food,65.0,0.0,658.79,310000000000
2023-04-07,DEBIT,10.0,Food,10.0,0.0,805.79,310000000000
2023-04-07,DEBIT,50.0,Food,50.0,0.0,755.79,310000000000
2023-04-07,DEBIT,55.0,Food,55.0,0.0,815.79,310000000000
2023-04-07,DEBIT,32.0,Food,32.0,0.0,723.79,346000000000
2023-04-08,DEBIT,50.0,Food,50.0,0.0,317.79,346000000000
2023-04-08,CREDIT,1000.0,Misc,0.0,1000.0,1317.79,310000000000
2023-04-08,DEBIT,70.0,Food,70.0,0.0,1247.79,346000000000
2023-04-08,DEBIT,208.28,Food,208.28,0.0,1039.51,310000000000
2023-04-09,DEBIT,100.0,Food,100.0,0.0,553.51,347000000000
2023-04-09,DEBIT,310.0,Misc,310.0,0.0,729.51,347000000000
2023-04-09,DEBIT,76.0,Food,76.0,0.0,653.51,347000000000
2023-04-09,DEBIT,20.0,Food,20.0,0.0,533.51,347000000000
2023-04-10,DEBIT,20.0,Food,20.0,0.0,1235.51,347000000000
2023-04-10,DEBIT,3000.0,Misc,3000.0,0.0,1395.51,310000000000
2023-04-10,DEBIT,140.0,Misc,140.0,0.0,1255.51,347000000000
2023-04-10,DEBIT,138.0,Misc,138.0,0.0,395.51,347000000000
2023-04-10,CREDIT,4000.0,Misc,0.0,4000.0,4395.51,310000000000
2023-04-11,DEBIT,40.0,Food,40.0,0.0,1195.51,310000000000
2023-04-11,DEBIT,65.0,Food,65.0,0.0,1130.51,347000000000
2023-04-11,DEBIT,140.0,Misc,140.0,0.0,990.51,347000000000
2023-04-12,DEBIT,20.0,Food,20.0,0.0,970.51,347000000000
2023-04-12,DEBIT,46.0,Food,46.0,0.0,924.51,347000000000
2023-04-12,CREDIT,1000.0,Misc,0.0,1000.0,1924.51,310000000000
2023-04-12,CREDIT,300.0,Misc,0.0,300.0,2224.51,310000000000
2023-04-12,DEBIT,185.0,Misc,185.0,0.0,2039.51,347000000000
2023-04-12,DEBIT,80.0,Food,80.0,0.0,1959.51,347000000000
2023-05-01,DEBIT,30.0,Food,30.0,0.0,6065.52,349000000000
2023-05-01,DEBIT,80.0,Food,80.0,0.0,5955.52,349000000000
2023-05-01,DEBIT,30.0,Food,30.0,0.0,6035.52,349000000000
2023-05-01,DEBIT,35.0,Food,35.0,0.0,6095.52,312000000000
2023-05-01,DEBIT,240.0,Misc,240.0,0.0,6010.52,312000000000
2023-05-01,CREDIT,350.0,Misc,0.0,350.0,6250.52,312000000000
2023-05-01,DEBIT,65.0,Food,65.0,0.0,5900.52,312000000000
2023-05-01,DEBIT,6463.0,Rent,6463.0,0.0,5965.52,312000000000
2023-05-01,CREDIT,120.0,Misc,0.0,120.0,6130.52,312000000000
2023-05-02,DEBIT,260.35,Food,260.35,0.0,5695.17,349000000000
2023-05-02,DEBIT,50.0,Food,50.0,0.0,5645.17,349000000000
2023-05-02,DEBIT,10.0,Food,10.0,0.0,5635.17,312000000000
2023-05-02,DEBIT,150.0,Misc,150.0,0.0,5485.17,349000000000
2023-05-02,CREDIT,75.0,Misc,0.0,75.0,5560.17,349000000000
2023-05-02,DEBIT,45.0,Food,45.0,0.0,5515.17,349000000000
2023-05-02,DEBIT,30.0,Food,30.0,0.0,5485.17,349000000000
2023-05-02,DEBIT,1391.16,Misc,1391.16,0.0,4094.01,349000000000
2023-05-03,DEBIT,180.0,Misc,180.0,0.0,3720.01,349000000000
2023-05-03,DEBIT,85.0,Food,85.0,0.0,3900.01,349000000000
2023-05-03,DEBIT,20.0,Food,20.0,0.0,3700.01,349000000000
2023-05-03,DEBIT,69.0,Food,69.0,0.0,4025.01,349000000000
2023-05-03,DEBIT,40.0,Food,40.0,0.0,3985.01,349000000000
2023-05-04,DEBIT,64.0,Food,64.0,0.0,3143.11,312000000000
2023-05-04,DEBIT,20.0,Food,20.0,0.0,3207.11,349000000000
2023-05-04,DEBIT,396.9,Food,396.9,0.0,3227.11,312000000000
2023-05-04,DEBIT,26.0,Food,26.0,0.0,3674.01,349000000000
2023-05-04,DEBIT,30.0,Food,30.0,0.0,3634.01,349000000000
2023-05-04,DEBIT,10.0,Food,10.0,0.0,3664.01,312000000000
2023-05-04,DEBIT,10.0,Food,10.0,0.0,3624.01,312000000000
2023-05-05,CREDIT,95.0,Misc,0.0,95.0,3238.11,349000000000
2023-05-05,DEBIT,175.0,Misc,175.0,0.0,3063.11,349000000000
2023-05-05,DEBIT,40.0,Food,40.0,0.0,3023.11,349000000000
2023-05-05,DEBIT,76.0,Food,76.0,0.0,2947.11,313000000000
2023-05-05,DEBIT,100.0,Food,100.0,0.0,2847.11,313000000000
2023-05-05,DEBIT,933.0,Misc,933.0,0.0,1914.11,349000000000
2023-05-05,DEBIT,40.0,Food,40.0,0.0,1874.11,349000000000
2023-05-06,DEBIT,113.0,Misc,113.0,0.0,1180.11,349000000000
2023-05-06,DEBIT,30.0,Food,30.0,0.0,1293.11,349000000000
2023-05-06,DEBIT,240.0,Misc,240.0,0.0,1323.11,349000000000
2023-05-06,DEBIT,40.0,Food,40.0,0.0,1563.11,313000000000
2023-05-06,DEBIT,44.0,Food,44.0,0.0,1753.11,313000000000
2023-05-06,DEBIT,77.0,Food,77.0,0.0,1797.11,313000000000
2023-05-06,DEBIT,150.0,Misc,150.0,0.0,1603.11,313000000000
2023-05-07,CREDIT,681.0,Misc,0.0,681.0,4491.11,349000000000
2023-05-07,DEBIT,48.0,Food,48.0,0.0,1132.11,349000000000
2023-05-07,CREDIT,1132.0,Misc,0.0,1132.0,2264.11,313000000000
2023-05-07,CREDIT,136.0,Misc,0.0,136.0,2400.11,349000000000
2023-05-07,CREDIT,636.0,Misc,0.0,636.0,3036.11,349000000000
2023-05-07,DEBIT,80.0,Food,80.0,0.0,2956.11,349000000000
2023-05-07,DEBIT,10.0,Food,10.0,0.0,2946.11,349000000000
2023-05-07,CREDIT,936.0,Misc,0.0,936.0,3882.11,349000000000
2023-05-07,DEBIT,52.0,Food,52.0,0.0,3830.11,349000000000
2023-05-07,DEBIT,20.0,Food,20.0,0.0,3810.11,349000000000
2023-05-08,DEBIT,40.0,Food,40.0,0.0,4386.11,349000000000
2023-05-08,DEBIT,75.0,Food,75.0,0.0,4311.11,349000000000
2023-05-08,DEBIT,65.0,Food,65.0,0.0,4426.11,349000000000
2023-05-09,CREDIT,155.0,Misc,0.0,155.0,3555.36,313000000000
2023-05-09,DEBIT,35.0,Food,35.0,0.0,3798.36,313000000000
2023-05-09,DEBIT,60.0,Food,60.0,0.0,3495.36,350000000000
2023-05-09,CREDIT,10.0,Misc,0.0,10.0,3833.36,313000000000
2023-05-09,DEBIT,398.0,Misc,398.0,0.0,3400.36,350000000000
2023-05-09,DEBIT,247.75,Food,247.75,0.0,3923.36,350000000000
2023-05-09,DEBIT,10.0,Food,10.0,0.0,4171.11,313000000000
2023-05-09,DEBIT,100.0,Food,100.0,0.0,3823.36,350000000000
2023-05-09,DEBIT,90.0,Food,90.0,0.0,4181.11,313000000000
2023-05-09,DEBIT,40.0,Food,40.0,0.0,4271.11,313000000000
2023-05-10,DEBIT,284.0,Misc,284.0,0.0,3112.36,350000000000
2023-05-10,CREDIT,500.0,Misc,0.0,500.0,3436.36,313000000000
2023-05-10,DEBIT,500.0,Misc,500.0,0.0,2936.36,350000000000
2023-05-10,DEBIT,40.0,Food,40.0,0.0,3396.36,350000000000
2023-05-10,CREDIT,70.0,Misc,0.0,70.0,3575.36,313000000000
2023-05-10,CREDIT,10.0,Food,0.0,10.0,3505.36,350000000000
2023-05-10,DEBIT,139.0,Misc,139.0,0.0,3436.36,313000000000
2023-05-11,DEBIT,85.0,Food,85.0,0.0,3027.36,350000000000
2023-05-11,DEBIT,50.0,Food,50.0,0.0,2977.36,350000000000
2023-05-11,DEBIT,75.0,Food,75.0,0.0,2902.36,350000000000
2023-05-11,DEBIT,326.0,Misc,326.0,0.0,2576.36,350000000000
2023-05-11,DEBIT,36.0,Food,36.0,0.0,2540.36,350000000000
2023-05-12,DEBIT,20.0,Food,20.0,0.0,1252.36,350000000000
2023-05-12,CREDIT,105.0,Misc,0.0,105.0,942.36,350000000000
2023-05-12,DEBIT,385.0,Misc,385.0,0.0,837.36,350000000000
2023-05-12,DEBIT,30.0,Food,30.0,0.0,1222.36,350000000000
2023-05-12,DEBIT,41.0,Food,41.0,0.0,1272.36,313000000000
2023-05-12,DEBIT,380.0,Misc,380.0,0.0,2255.36,350000000000
2023-05-12,DEBIT,41.0,Food,41.0,0.0,2354.36,350000000000
2023-05-12,DEBIT,50.0,Food,50.0,0.0,2395.36,350000000000
2023-05-12,CREDIT,190.0,Misc,0.0,190.0,2445.36,350000000000
2023-05-12,CREDIT,95.0,Misc,0.0,95.0,2635.36,350000000000
2023-05-12,DEBIT,1041.0,Misc,1041.0,0.0,1313.36,313000000000
2023-06-01,CREDIT,186.0,Shopping,0.0,186.0,8637.96,315000000000
2023-06-02,DEBIT,30.0,Food,30.0,0.0,8607.96,352000000000
2023-06-02,DEBIT,160.0,Misc,160.0,0.0,8447.96,352000000000
2023-06-02,DEBIT,90.0,Food,90.0,0.0,8357.96,352000000000
2023-06-03,CREDIT,130.0,Misc,0.0,130.0,7673.95,315000000000
2023-06-03,DEBIT,50.0,Food,50.0,0.0,7197.95,352000000000
2023-06-03,DEBIT,390.0,Misc,390.0,0.0,7247.95,352000000000
2023-06-03,DEBIT,36.0,Food,36.0,0.0,7637.95,352000000000
2023-06-03,DEBIT,20.0,Food,20.0,0.0,7543.95,315000000000
2023-06-03,DEBIT,170.01,Misc,170.01,0.0,7703.95,352000000000
2023-06-03,DEBIT,105.0,Misc,105.0,0.0,7598.95,352000000000
2023-06-03,DEBIT,35.0,Food,35.0,0.0,7563.95,315000000000
2023-06-03,DEBIT,30.0,Food,30.0,0.0,7873.96,315000000000
2023-06-03,DEBIT,454.0,Shopping,454.0,0.0,7903.96,315000000000
2023-06-04,DEBIT,384.9,Food,384.9,0.0,5940.05,352000000000
2023-06-04,DEBIT,65.0,Food,65.0,0.0,6324.95,316000000000
2023-06-04,DEBIT,20.0,Food,20.0,0.0,5920.05,352000000000
2023-06-04,DEBIT,963.0,Misc,963.0,0.0,6199.95,352000000000
2023-06-04,DEBIT,35.0,Food,35.0,0.0,7162.95,352000000000
2023-06-04,CREDIT,190.0,Misc,0.0,190.0,6389.95,352000000000
2023-06-05,DEBIT,34.0,Food,34.0,0.0,5886.05,316000000000
2023-06-05,DEBIT,65.0,Food,65.0,0.0,5821.05,352000000000
2023-06-05,DEBIT,40.0,Food,40.0,0.0,5781.05,316000000000
2023-06-05,DEBIT,628.0,Misc,628.0,0.0,5153.05,352000000000
2023-06-05,DEBIT,8.0,Misc,8.0,0.0,5145.05,352000000000
2023-06-06,DEBIT,150.0,Misc,150.0,0.0,4629.55,316000000000
2023-06-06,DEBIT,50.0,Food,50.0,0.0,4064.55,352000000000
2023-06-06,DEBIT,515.0,Misc,515.0,0.0,4114.55,352000000000
2023-06-06,DEBIT,14.25,Food,14.25,0.0,4779.55,352000000000
2023-06-06,DEBIT,30.0,Food,30.0,0.0,5115.05,352000000000
2023-06-06,DEBIT,20.0,Food,20.0,0.0,4843.8,352000000000
2023-06-06,DEBIT,251.25,Food,251.25,0.0,4863.8,352000000000
2023-06-06,DEBIT,50.0,Food,50.0,0.0,4793.8,352000000000
2023-06-07,DEBIT,80.0,Food,80.0,0.0,3984.55,352000000000
2023-06-07,DEBIT,40.0,Food,40.0,0.0,3944.55,352000000000
2023-06-07,DEBIT,40.0,Food,40.0,0.0,3904.55,316000000000
2023-06-07,DEBIT,40.0,Food,40.0,0.0,3864.55,316000000000
2023-06-07,CREDIT,1600.0,Misc,0.0,1600.0,5464.55,352000000000
2023-06-07,DEBIT,130.0,Misc,130.0,0.0,5334.55,352000000000
2023-06-08,DEBIT,70.0,Food,70.0,0.0,5060.55,353000000000
2023-06-08,DEBIT,40.0,Food,40.0,0.0,5020.55,353000000000
2023-06-08,DEBIT,50.0,Food,50.0,0.0,5130.55,316000000000
2023-06-08,DEBIT,50.0,Food,50.0,0.0,5180.55,353000000000
2023-06-08,DEBIT,10.0,Food,10.0,0.0,5230.55,316000000000
2023-06-08,CREDIT,65.0,Misc,0.0,65.0,5240.55,353000000000
2023-06-08,DEBIT,125.0,Misc,125.0,0.0,5175.55,353000000000
2023-06-08,DEBIT,34.0,Food,34.0,0.0,5300.55,316000000000
2023-06-09,DEBIT,125.0,Misc,125.0,0.0,4891.55,353000000000
2023-06-09,DEBIT,8000.0,Misc,8000.0,0.0,5016.55,353000000000
2023-06-09,CREDIT,8000.0,Misc,0.0,8000.0,13016.55,353000000000
2023-06-09,DEBIT,60.0,Food,60.0,0.0,5016.55,316000000000
2023-06-09,CREDIT,171.0,Misc,0.0,171.0,5126.55,353000000000
2023-06-09,DEBIT,137.0,Misc,137.0,0.0,4955.55,353000000000
2023-06-09,CREDIT,72.0,Misc,0.0,72.0,5092.55,316000000000
2023-06-09,DEBIT,50.0,Food,50.0,0.0,5076.55,353000000000
2023-06-10,DEBIT,30.0,Food,30.0,0.0,4257.55,353000000000
2023-06-10,DEBIT,40.0,Food,40.0,0.0,4851.55,353000000000
2023-06-10,DEBIT,70.0,Food,70.0,0.0,4781.55,353000000000
2023-06-10,DEBIT,150.0,Misc,150.0,0.0,4631.55,316000000000
2023-06-10,DEBIT,344.0,Misc,344.0,0.0,4287.55,353000000000
2023-06-11,DEBIT,140.0,Misc,140.0,0.0,3317.55,353000000000
2023-06-11,DEBIT,450.0,Misc,450.0,0.0,3807.55,353000000000
2023-06-11,DEBIT,350.0,Misc,350.0,0.0,3457.55,353000000000
2023-06-12,DEBIT,44.0,Food,44.0,0.0,3273.55,353000000000
2023-06-12,DEBIT,40.0,Food,40.0,0.0,3233.55,353000000000
2023-06-12,CREDIT,3000.0,Misc,0.0,3000.0,6233.55,316000000000
2023-06-12,DEBIT,3000.0,Misc,3000.0,0.0,3233.55,316000000000
2023-06-12,DEBIT,34.0,Food,34.0,0.0,3199.55,316000000000
2023-06-12,DEBIT,50.0,Food,50.0,0.0,3149.55,353000000000
2023-06-12,DEBIT,25.0,Food,25.0,0.0,3124.55,353000000000
2023-06-12,DEBIT,56.0,Food,56.0,0.0,3068.55,353000000000
2023-07-01,CREDIT,34.0,Misc,0.0,34.0,1059.85,0
2023-07-01,DEBIT,20.0,Food,20.0,0.0,1039.85,355000000000
2023-07-01,DEBIT,20.0,Food,20.0,0.0,1019.85,318000000000
2023-07-01,DEBIT,20.0,Food,20.0,0.0,999.85,318000000000
2023-07-02,CREDIT,10.0,Misc,0.0,10.0,1009.85,318000000000
2023-07-04,DEBIT,125.0,Misc,125.0,0.0,884.85,355000000000
2023-07-05,DEBIT,50.0,Food,50.0,0.0,794.85,319000000000
2023-07-05,DEBIT,40.0,Food,40.0,0.0,844.85,355000000000
2023-07-08,CREDIT,1.13,Misc,0.0,1.13,795.98,307000000000
2023-07-08,DEBIT,50.0,Food,50.0,0.0,745.98,356000000000
2023-07-08,CREDIT,7800.0,Misc,0.0,7800.0,8545.98,356000000000
2023-07-08,DEBIT,7800.0,Misc,7800.0,0.0,745.98,356000000000
2023-07-09,DEBIT,184.0,Shopping,184.0,0.0,561.98,319000000000
2023-07-10,CREDIT,2500.0,Misc,0.0,2500.0,3061.98,356000000000
2023-07-10,DEBIT,100.0,Food,100.0,0.0,2961.98,319000000000
2023-07-10,DEBIT,1100.0,Misc,1100.0,0.0,1861.98,319000000000
2023-07-10,DEBIT,30.0,Food,30.0,0.0,1831.98,356000000000
2023-07-11,DEBIT,20.0,Food,20.0,0.0,1811.98,319000000000
2023-07-11,DEBIT,170.0,Misc,170.0,0.0,1641.98,319000000000
2023-07-11,DEBIT,140.0,Misc,140.0,0.0,1501.98,319000000000
2023-07-11,DEBIT,20.0,Food,20.0,0.0,1481.98,319000000000
2023-07-11,DEBIT,20.0,Food,20.0,0.0,1461.98,319000000000
2023-07-12,DEBIT,30.0,Food,30.0,0.0,1398.94,319000000000
2023-07-12,DEBIT,10.0,Food,10.0,0.0,1428.94,319000000000
2023-07-12,DEBIT,24.0,Food,24.0,0.0,1438.94,319000000000
2023-07-12,DEBIT,125.0,Misc,125.0,0.0,1462.94,356000000000
2023-07-12,CREDIT,125.96,Misc,0.0,125.96,1587.94,307000000000
2023-08-01,DEBIT,236.0,Misc,236.0,0.0,7285.62,MIR2421393691857
2023-08-01,DEBIT,15.0,Food,15.0,0.0,7270.62,321000000000
2023-08-01,DEBIT,30.0,Food,30.0,0.0,7240.62,321000000000
2023-08-02,CREDIT,2000.0,Misc,0.0,2000.0,9240.62,321000000000
2023-08-02,DEBIT,7459.0,Rent,7459.0,0.0,1781.62,321000000000
2023-08-02,DEBIT,243.0,Misc,243.0,0.0,1538.62,321000000000
2023-08-02,DEBIT,999.0,Misc,999.0,0.0,539.62,321000000000
2023-08-02,DEBIT,10.0,Food,10.0,0.0,529.62,321000000000
2023-08-02,DEBIT,90.0,Food,90.0,0.0,439.62,321000000000
2023-08-02,DEBIT,24.0,Food,24.0,0.0,415.62,321000000000
2023-08-02,DEBIT,6.0,Misc,6.0,0.0,409.62,321000000000
2023-08-02,DEBIT,140.0,Misc,140.0,0.0,269.62,321000000000
2023-08-02,DEBIT,30.0,Food,30.0,0.0,239.62,321000000000
2023-08-03,DEBIT,40.0,Food,40.0,0.0,144.62,322000000000
2023-08-03,DEBIT,40.0,Food,40.0,0.0,104.62,322000000000
2023-08-03,DEBIT,55.0,Food,55.0,0.0,184.62,358000000000
2023-08-03,DEBIT,40.0,Food,40.0,0.0,64.62,322000000000
2023-08-04,DEBIT,20.0,Food,20.0,0.0,44.62,322000000000
2023-08-05,CREDIT,13000.0,Misc,0.0,13000.0,13044.62,358000000000
2023-08-05,DEBIT,13000.0,Misc,13000.0,0.0,44.62,322000000000
2023-08-11,CREDIT,1000.0,Misc,0.0,1000.0,1044.62,322000000000
2023-08-11,DEBIT,85.0,Food,85.0,0.0,959.62,322000000000
2023-08-11,DEBIT,30.0,Food,30.0,0.0,929.62,322000000000
2023-08-11,DEBIT,50.0,Food,50.0,0.0,879.62,322000000000
2023-08-11,DEBIT,179.0,Misc,179.0,0.0,700.62,322000000000
2023-08-11,DEBIT,10.0,Food,10.0,0.0,690.62,359000000000
2023-08-11,DEBIT,60.0,Food,60.0,0.0,630.62,359000000000
2023-08-12,DEBIT,393.0,Misc,393.0,0.0,237.62,322000000000
2023-08-12,DEBIT,30.0,Food,30.0,0.0,207.62,322000000000
2023-08-12,DEBIT,66.0,Food,66.0,0.0,141.62,322000000000
2023-09-01,DEBIT,20.0,Food,20.0,0.0,4357.86,324000000000
2023-09-01,DEBIT,447.0,Misc,447.0,0.0,4429.86,324000000000
2023-09-01,DEBIT,30.0,Food,30.0,0.0,4876.86,324000000000
2023-09-01,DEBIT,52.0,Food,52.0,0.0,4377.86,324000000000
2023-09-01,DEBIT,110.0,Misc,110.0,0.0,4926.86,324000000000
2023-09-01,DEBIT,7310.0,Rent,7310.0,0.0,5036.86,324000000000
2023-09-01,DEBIT,20.0,Food,20.0,0.0,4906.86,324000000000
2023-09-02,DEBIT,188.2,Food,188.2,0.0,4169.66,361000000000
2023-09-02,DEBIT,50.0,Food,50.0,0.0,4119.66,325000000000
2023-09-02,DEBIT,136.76,Food,136.76,0.0,3982.9,361000000000
2023-09-02,CREDIT,136.76,Food,0.0,136.76,4119.66,325000000000
2023-09-03,DEBIT,20.0,Food,20.0,0.0,3973.66,325000000000
2023-09-03,DEBIT,60.0,Food,60.0,0.0,3993.66,325000000000
2023-09-03,DEBIT,30.0,Food,30.0,0.0,4089.66,325000000000
2023-09-03,DEBIT,36.0,Food,36.0,0.0,4053.66,325000000000
2023-09-04,DEBIT,30.0,Food,30.0,0.0,3943.66,325000000000
2023-09-04,DEBIT,55.0,Food,55.0,0.0,3888.66,325000000000
2023-09-04,DEBIT,250.0,Misc,250.0,0.0,3638.66,325000000000
2023-09-04,DEBIT,30.0,Food,30.0,0.0,3608.66,325000000000
2023-09-05,DEBIT,80.0,Food,80.0,0.0,3528.66,325000000000
2023-09-05,DEBIT,50.0,Food,50.0,0.0,3478.66,325000000000
2023-09-05,DEBIT,1000.0,Misc,1000.0,0.0,2478.66,361000000000
2023-09-06,DEBIT,60.0,Food,60.0,0.0,2105.71,325000000000
2023-09-06,DEBIT,217.95,Food,217.95,0.0,2165.71,362000000000
2023-09-06,DEBIT,55.0,Food,55.0,0.0,2423.66,362000000000
2023-09-06,DEBIT,40.0,Food,40.0,0.0,2383.66,325000000000
2023-09-07,DEBIT,170.0,Misc,170.0,0.0,1935.71,325000000000
2023-09-07,DEBIT,200.0,Misc,200.0,0.0,1735.71,325000000000
2023-09-07,DEBIT,40.0,Food,40.0,0.0,1695.71,325000000000
2023-09-07,DEBIT,80.0,Food,80.0,0.0,1615.71,325000000000
2023-09-07,DEBIT,85.0,Food,85.0,0.0,1530.71,325000000000
2023-09-08,DEBIT,190.0,Misc,190.0,0.0,1355.71,362000000000
2023-09-08,CREDIT,80.0,Misc,0.0,80.0,1545.71,325000000000
2023-09-08,DEBIT,25.0,Food,25.0,0.0,1505.71,325000000000
2023-09-08,DEBIT,40.0,Food,40.0,0.0,1465.71,325000000000
2023-09-09,DEBIT,279.5,Misc,279.5,0.0,1076.21,325000000000
2023-09-09,DEBIT,52.0,Food,52.0,0.0,1024.21,325000000000
2023-09-09,DEBIT,30.0,Food,30.0,0.0,994.21,325000000000
2023-09-09,DEBIT,10.0,Food,10.0,0.0,984.21,325000000000
2023-09-09,DEBIT,40.0,Food,40.0,0.0,944.21,325000000000
2023-09-10,DEBIT,426.94,Food,426.94,0.0,732.57,362000000000
2023-09-10,DEBIT,54.0,Food,54.0,0.0,659.51,325000000000
2023-09-10,DEBIT,230.7,Food,230.7,0.0,713.51,325000000000
2023-09-10,CREDIT,500.0,Misc,0.0,500.0,1159.51,362000000000
2023-09-11,DEBIT,192.24,Food,192.24,0.0,540.33,325000000000
2023-09-11,DEBIT,55.0,Food,55.0,0.0,485.33,325000000000
2023-09-11,DEBIT,80.0,Food,80.0,0.0,405.33,325000000000
2023-09-11,DEBIT,20.0,Food,20.0,0.0,385.33,325000000000
2023-09-11,DEBIT,10.0,Food,10.0,0.0,375.33,325000000000
2023-09-11,DEBIT,10.0,Food,10.0,0.0,365.33,325000000000
2023-09-11,DEBIT,125.0,Misc,125.0,0.0,240.33,325000000000
2023-09-12,DEBIT,60.0,Food,60.0,0.0,55.33,326000000000
2023-09-12,DEBIT,30.0,Food,30.0,0.0,210.33,326000000000
2023-09-12,DEBIT,55.0,Food,55.0,0.0,155.33,326000000000
2023-09-12,DEBIT,40.0,Food,40.0,0.0,115.33,326000000000
2023-09-12,DEBIT,10.0,Food,10.0,0.0,45.33,326000000000
2023-10-01,DEBIT,85.0,Food,85.0,0.0,1651.32,327000000000
2023-10-01,DEBIT,50.0,Food,50.0,0.0,1736.32,327000000000
2023-10-01,DEBIT,25.0,Food,25.0,0.0,1786.32,327000000000
2023-10-01,DEBIT,20.0,Food,20.0,0.0,1831.32,327000000000
2023-10-01,CREDIT,20.0,Misc,0.0,20.0,1851.32,0
2023-10-01,DEBIT,20.0,Food,20.0,0.0,1811.32,327000000000
2023-10-02,DEBIT,10.0,Food,10.0,0.0,1641.32,327000000000
2023-10-02,DEBIT,49.0,Food,49.0,0.0,1592.32,328000000000
2023-10-02,DEBIT,30.0,Food,30.0,0.0,1562.32,364000000000
2023-10-02,DEBIT,49.0,Food,49.0,0.0,1513.32,328000000000
2023-10-02,DEBIT,80.0,Food,80.0,0.0,1433.32,328000000000
2023-10-02,DEBIT,30.0,Food,30.0,0.0,1403.32,328000000000
2023-10-02,DEBIT,470.0,Misc,470.0,0.0,933.32,328000000000
2023-10-03,CREDIT,43.0,Misc,0.0,43.0,285.58,328000000000
2023-10-03,DEBIT,370.0,Misc,370.0,0.0,915.58,328000000000
2023-10-03,CREDIT,1000.0,Misc,0.0,1000.0,1285.58,364000000000
2023-10-03,CREDIT,385.0,Misc,0.0,385.0,922.58,328000000000
2023-10-03,DEBIT,680.0,Misc,680.0,0.0,242.58,328000000000
2023-10-03,DEBIT,48.0,Food,48.0,0.0,547.58,328000000000
2023-10-03,DEBIT,10.0,Food,10.0,0.0,537.58,328000000000
2023-10-03,DEBIT,188.74,Food,188.74,0.0,595.58,364000000000
2023-10-03,DEBIT,130.0,Misc,130.0,0.0,784.32,328000000000
2023-10-03,DEBIT,19.0,Food,19.0,0.0,914.32,328000000000
2023-10-04,DEBIT,120.0,Misc,120.0,0.0,670.58,328000000000
2023-10-04,DEBIT,12.0,Food,12.0,0.0,658.58,328000000000
2023-10-04,DEBIT,80.0,Food,80.0,0.0,835.58,364000000000
2023-10-04,DEBIT,45.0,Food,45.0,0.0,790.58,364000000000
2023-10-05,DEBIT,35.0,Food,35.0,0.0,623.58,328000000000
2023-10-05,DEBIT,70.0,Food,70.0,0.0,553.58,364000000000
2023-10-05,DEBIT,75.0,Food,75.0,0.0,478.58,364000000000
2023-10-06,DEBIT,33.0,Food,33.0,0.0,445.58,328000000000
2023-10-06,DEBIT,95.0,Food,95.0,0.0,350.58,328000000000
2023-10-07,DEBIT,87.69,Food,87.69,0.0,262.89,328000000000
2023-10-07,DEBIT,184.0,Misc,184.0,0.0,78.89,365000000000
2023-10-09,CREDIT,1000.0,Misc,0.0,1000.0,1078.89,328000000000
2023-10-09,DEBIT,79.0,Food,79.0,0.0,999.89,328000000000
2023-10-10,DEBIT,50.0,Food,50.0,0.0,949.89,328000000000
2023-10-10,DEBIT,42.0,Food,42.0,0.0,907.89,365000000000
2023-10-11,DEBIT,80.0,Food,80.0,0.0,827.89,365000000000
2023-10-12,DEBIT,70.0,Food,70.0,0.0,757.89,365000000000
2023-11-01,CREDIT,500.0,Misc,0.0,500.0,500.15,331000000000
2023-11-01,DEBIT,500.0,Misc,500.0,0.0,0.15,331000000000
2023-11-02,CREDIT,1000.0,Misc,0.0,1000.0,1000.15,331000000000
2023-11-02,DEBIT,1000.0,Misc,1000.0,0.0,0.15,367000000000
2023-11-02,CREDIT,1000.0,Misc,0.0,1000.0,1000.15,331000000000
2023-11-02,DEBIT,1000.0,Misc,1000.0,0.0,0.15,367000000000
2023-12-01,DEBIT,19.0,Food,19.0,0.0,894.97,370000000000
2023-12-02,DEBIT,200.0,Misc,200.0,0.0,694.97,334000000000
2023-12-03,DEBIT,120.0,Misc,120.0,0.0,574.97,334000000000
2023-12-03,CREDIT,7.0,Misc,0.0,7.0,581.97,334000000000
2023-12-03,CREDIT,70.0,Misc,0.0,70.0,651.97,334000000000
2023-12-04,DEBIT,500.0,Misc,500.0,0.0,151.97,334000000000
2023-12-04,CREDIT,500.0,Misc,0.0,500.0,651.97,334000000000
2023-12-04,DEBIT,450.0,Misc,450.0,0.0,201.97,334000000000
2023-12-06,DEBIT,60.0,Food,60.0,0.0,291.97,371000000000
2023-12-06,CREDIT,150.0,Misc,0.0,150.0,351.97,371000000000
2023-12-07,CREDIT,15000.0,Misc,0.0,15000.0,15291.97,334000000000
2023-12-09,DEBIT,15048.0,Misc,15048.0,0.0,243.97,334000000000
2023-12-10,CREDIT,4000.0,Misc,0.0,4000.0,4243.97,371000000000
2023-12-10,DEBIT,3062.0,Transport,3062.0,0.0,1181.97,334000000000
2023-12-10,DEBIT,1000.0,Misc,1000.0,0.0,181.97,371000000000
2023-12-10,CREDIT,1000.0,Misc,0.0,1000.0,1181.97,334000000000
2023-12-11,DEBIT,30.0,Food,30.0,0.0,1151.97,371000000000
2023-12-11,DEBIT,10.0,Food,10.0,0.0,1141.97,371000000000
2023-12-11,DEBIT,30.0,Food,30.0,0.0,1111.97,371000000000
2023-12-11,DEBIT,220.0,Misc,220.0,0.0,891.97,371000000000
2023-12-11,DEBIT,169.29,Food,169.29,0.0,722.68,335000000000
2023-12-12,CREDIT,1718.0,Misc,0.0,1718.0,1790.68,335000000000
2023-12-12,DEBIT,35.0,Food,35.0,0.0,72.68,371000000000
2023-12-12,DEBIT,530.0,Misc,530.0,0.0,107.68,335000000000
2023-12-12,DEBIT,1718.0,Transport,1718.0,0.0,72.68,335000000000
2023-12-12,DEBIT,40.0,Food,40.0,0.0,657.68,371000000000
2023-12-12,DEBIT,25.0,Food,25.0,0.0,697.68,371000000000
2023-12-12,DEBIT,20.0,Food,20.0,0.0,637.68,371000000000
2024-01-01,CREDIT,8.0,Misc,0.0,8.0,39.68,0
,DEBIT,0.0,,0.0,0.0,,Unknown
,DEBIT,57.0,Food,57.0,0.0,571.73,338000000000
,DEBIT,60.0,Food,60.0,0.0,511.73,301000000000
,DEBIT,480.0,Misc,480.0,0.0,31.73,338000000000
,DEBIT,12.0,Food,12.0,0.0,19.73,338000000000
,CREDIT,2000.0,Misc,0.0,2000.0,2019.73,338000000000
,CREDIT,120.0,Misc,0.0,120.0,2139.73,338000000000
,DEBIT,50.0,Food,50.0,0.0,2089.73,301000000000
,CREDIT,200.0,Misc,0.0,200.0,2289.73,301000000000
,DEBIT,15.0,Food,15.0,0.0,2274.73,338000000000
,DEBIT,40.0,Food,40.0,0.0,2234.73,301000000000
,DEBIT,30.0,Food,30.0,0.0,2204.73,338000000000
,DEBIT,173.75,Food,173.75,0.0,2030.98,301000000000
,CREDIT,25.0,Misc,0.0,25.0,2055.98,338000000000
,DEBIT,50.0,Food,50.0,0.0,2005.98,338000000000
,DEBIT,20.0,Food,20.0,0.0,1985.98,338000000000
,CREDIT,10.0,Misc,0.0,10.0,1995.98,338000000000
,DEBIT,30.0,Food,30.0,0.0,1965.98,338000000000
,DEBIT,110.0,Misc,110.0,0.0,1855.98,338000000000
,DEBIT,35.0,Food,35.0,0.0,1820.98,302000000000
,DEBIT,200.0,Misc,200.0,0.0,1620.98,338000000000
,DEBIT,30.0,Food,30.0,0.0,1590.98,338000000000
,DEBIT,40.0,Food,40.0,0.0,1550.98,338000000000
,DEBIT,155.24,Food,155.24,0.0,1395.74,338000000000
,DEBIT,25.0,Food,25.0,0.0,1370.74,338000000000
,DEBIT,12.0,Food,12.0,0.0,1358.74,302000000000
,DEBIT,33.0,Food,33.0,0.0,1325.74,302000000000
,DEBIT,29.0,Food,29.0,0.0,1296.74,338000000000
,DEBIT,50.0,Food,50.0,0.0,1246.74,338000000000
,DEBIT,60.0,Food,60.0,0.0,1186.74,338000000000
,DEBIT,32.0,Food,32.0,0.0,1154.74,338000000000
,DEBIT,20.0,Food,20.0,0.0,1134.74,338000000000
,DEBIT,37.0,Food,37.0,0.0,1097.74,302000000000
,DEBIT,272.0,Misc,272.0,0.0,825.74,302000000000
,DEBIT,70.0,Food,70.0,0.0,755.74,338000000000
,DEBIT,30.0,Food,30.0,0.0,725.74,338000000000
,DEBIT,85.0,Food,85.0,0.0,640.74,302000000000
,DEBIT,20.0,Food,20.0,0.0,620.74,338000000000
,DEBIT,20.0,Food,20.0,0.0,600.74,338000000000
,DEBIT,10.0,Food,10.0,0.0,590.74,338000000000
,DEBIT,33.0,Food,33.0,0.0,557.74,302000000000
,DEBIT,20.0,Food,20.0,0.0,537.74,338000000000
,DEBIT,60.0,Food,60.0,0.0,477.74,338000000000
,DEBIT,40.0,Food,40.0,0.0,437.74,338000000000
,DEBIT,40.0,Food,40.0,0.0,397.74,338000000000
,CREDIT,120.0,Misc,0.0,120.0,517.74,302000000000
,DEBIT,130.0,Misc,130.0,0.0,387.74,339000000000
,DEBIT,30.0,Food,30.0,0.0,357.74,339000000000
,DEBIT,12.0,Food,12.0,0.0,345.74,339000000000
,DEBIT,25.0,Food,25.0,0.0,320.74,302000000000
,DEBIT,55.0,Food,55.0,0.0,265.74,302000000000
,DEBIT,10.0,Food,10.0,0.0,255.74,339000000000
,DEBIT,42.0,Food,42.0,0.0,213.74,339000000000
,DEBIT,30.0,Food,30.0,0.0,183.74,339000000000
,DEBIT,20.0,Food,20.0,0.0,163.74,302000000000
,DEBIT,40.0,Food,40.0,0.0,123.74,339000000000
,CREDIT,500.0,Misc,0.0,500.0,623.74,339000000000
,DEBIT,42.0,Food,42.0,0.0,581.74,302000000000
,DEBIT,80.0,Food,80.0,0.0,501.74,302000000000
,DEBIT,30.0,Food,30.0,0.0,471.74,302000000000
,DEBIT,25.0,Food,25.0,0.0,446.74,339000000000
,DEBIT,200.0,Misc,200.0,0.0,246.74,339000000000
,DEBIT,30.0,Food,30.0,0.0,216.74,302000000000
,DEBIT,200.0,Misc,200.0,0.0,16.74,339000000000
,CREDIT,2000.0,Misc,0.0,2000.0,2016.74,302000000000
,DEBIT,61.0,Food,61.0,0.0,1955.74,339000000000
,DEBIT,115.0,Misc,115.0,0.0,1840.74,339000000000
,DEBIT,30.0,Food,30.0,0.0,1810.74,339000000000
,DEBIT,15.0,Food,15.0,0.0,1795.74,302000000000
,DEBIT,33.0,Food,33.0,0.0,1762.74,302000000000
,DEBIT,65.0,Food,65.0,0.0,1697.74,339000000000
,DEBIT,30.0,Food,30.0,0.0,1667.74,339000000000
,DEBIT,70.0,Food,70.0,0.0,1597.74,302000000000
,CREDIT,35.0,Misc,0.0,35.0,1632.74,339000000000
,DEBIT,30.0,Food,30.0,0.0,1602.74,339000000000
,DEBIT,20.0,Food,20.0,0.0,1582.74,339000000000
,DEBIT,90.0,Food,90.0,0.0,1492.74,339000000000
,DEBIT,75.0,Food,75.0,0.0,1417.74,302000000000
,DEBIT,20.0,Food,20.0,0.0,1397.74,302000000000
,DEBIT,50.0,Food,50.0,0.0,1347.74,339000000000
,DEBIT,28.0,Food,28.0,0.0,1319.74,303000000000
,CREDIT,34800.0,Salary,0.0,34800.0,36119.74,CHASR23023738798
,DEBIT,65.0,Food,65.0,0.0,36054.74,339000000000
,DEBIT,27.0,Food,27.0,0.0,36027.74,303000000000
,DEBIT,30.0,Food,30.0,0.0,35997.74,303000000000
,DEBIT,10000.0,Misc,10000.0,0.0,25997.74,339000000000
,DEBIT,350.0,Misc,350.0,0.0,25647.74,339000000000
,DEBIT,40.0,Food,40.0,0.0,25607.74,339000000000
,DEBIT,2.0,Misc,2.0,0.0,25605.74,339000000000
,DEBIT,135.0,Misc,135.0,0.0,25470.74,339000000000
,DEBIT,20.0,Food,20.0,0.0,25450.74,303000000000
,DEBIT,120.0,Misc,120.0,0.0,25330.74,303000000000
,DEBIT,1081.0,Shopping,1081.0,0.0,24249.74,303000000000
,DEBIT,5000.0,Misc,5000.0,0.0,19249.74,303000000000
,DEBIT,299.0,Misc,299.0,0.0,18950.74,339000000000
,DEBIT,2000.0,Misc,2000.0,0.0,16950.74,339000000000
,DEBIT,1000.0,Misc,1000.0,0.0,15950.74,303000000000
,CREDIT,5000.0,Misc,0.0,5000.0,20950.74,339000000000
,DEBIT,5000.0,Misc,5000.0,0.0,15950.74,339000000000
,DEBIT,163.28,Food,163.28,0.0,15787.46,339000000000
,DEBIT,24.0,Food,24.0,0.0,15763.46,303000000000
,DEBIT,288.0,Misc,288.0,0.0,15475.46,339000000000
,DEBIT,70.0,Food,70.0,0.0,15405.46,339000000000
,CREDIT,72.0,Misc,0.0,72.0,15477.46,339000000000
,CREDIT,7000.0,Misc,0.0,7000.0,22477.46,303000000000
,DEBIT,17500.0,Misc,17500.0,0.0,4977.46,303000000000
,DEBIT,40.0,Food,40.0,0.0,4937.46,339000000000
,DEBIT,80.0,Food,80.0,0.0,4857.46,339000000000
,DEBIT,40.0,Food,40.0,0.0,4817.46,339000000000
,DEBIT,40.0,Food,40.0,0.0,4777.46,303000000000
,DEBIT,1000.0,Misc,1000.0,0.0,3777.46,303000000000
,DEBIT,40.0,Food,40.0,0.0,3737.46,339000000000
,DEBIT,20.0,Food,20.0,0.0,3717.46,340000000000
,DEBIT,40.0,Food,40.0,0.0,3677.46,303000000000
,DEBIT,149.0,Misc,149.0,0.0,3528.46,340000000000
,DEBIT,250.0,Misc,250.0,0.0,3278.46,303000000000
,DEBIT,250.0,Misc,250.0,0.0,3028.46,340000000000
,DEBIT,500.0,Misc,500.0,0.0,2528.46,340000000000
,DEBIT,189.05,Food,189.05,0.0,2339.41,340000000000
,DEBIT,40.0,Food,40.0,0.0,2299.41,340000000000
,DEBIT,50.0,Food,50.0,0.0,2249.41,303000000000
,DEBIT,85.0,Food,85.0,0.0,2164.41,340000000000
,DEBIT,50.0,Food,50.0,0.0,2114.41,340000000000
,DEBIT,90.0,Food,90.0,0.0,2024.41,340000000000
,DEBIT,20.0,Food,20.0,0.0,2004.41,340000000000
,DEBIT,28.0,Food,28.0,0.0,1976.41,303000000000
,DEBIT,125.0,Misc,125.0,0.0,1851.41,340000000000
,DEBIT,40.0,Food,40.0,0.0,1811.41,303000000000
,CREDIT,10000.0,Misc,0.0,10000.0,11811.41,303000000000
,DEBIT,154.44,Food,154.44,0.0,11656.97,340000000000
,DEBIT,40.0,Food,40.0,0.0,1071.54,304000000000
,DEBIT,173.7,Food,173.7,0.0,897.84,341000000000
,DEBIT,67.0,Food,67.0,0.0,830.84,304000000000
,DEBIT,40.0,Food,40.0,0.0,790.84,341000000000
,DEBIT,40.0,Food,40.0,0.0,750.84,341000000000
,DEBIT,242.45,Food,242.45,0.0,508.39,305000000000
,DEBIT,60.0,Food,60.0,0.0,448.39,305000000000
,DEBIT,40.0,Food,40.0,0.0,408.39,305000000000
,DEBIT,148.0,Food,148.0,0.0,260.39,305000000000
,DEBIT,130.0,Misc,130.0,0.0,130.39,305000000000
,DEBIT,30.0,Food,30.0,0.0,100.39,305000000000
,DEBIT,40.0,Food,40.0,0.0,60.39,341000000000
,CREDIT,80.0,Misc,0.0,80.0,140.39,305000000000
,DEBIT,100.0,Food,100.0,0.0,40.39,305000000000
,CREDIT,1500.0,Misc,0.0,1500.0,1540.39,341000000000
,DEBIT,5.0,Misc,5.0,0.0,1535.39,305000000000
,DEBIT,20.0,Food,20.0,0.0,1515.39,341000000000
,DEBIT,30.0,Food,30.0,0.0,1485.39,305000000000
,DEBIT,65.0,Food,65.0,0.0,1420.39,341000000000
,DEBIT,30.0,Food,30.0,0.0,1390.39,341000000000
,DEBIT,70.0,Food,70.0,0.0,1320.39,341000000000
,DEBIT,50.0,Food,50.0,0.0,1270.39,305000000000
,DEBIT,475.0,Misc,475.0,0.0,795.39,305000000000
,DEBIT,30.0,Food,30.0,0.0,765.39,341000000000
,DEBIT,10.0,Food,10.0,0.0,755.39,342000000000
,DEBIT,60.0,Food,60.0,0.0,695.39,305000000000
,DEBIT,20.0,Food,20.0,0.0,675.39,342000000000
,DEBIT,70.0,Food,70.0,0.0,605.39,342000000000
,DEBIT,20.0,Food,20.0,0.0,585.39,342000000000
,DEBIT,150.5,Misc,150.5,0.0,434.89,305000000000
,DEBIT,136.0,Misc,136.0,0.0,298.89,305000000000
,DEBIT,8.0,Misc,8.0,0.0,290.89,342000000000
,DEBIT,67.0,Food,67.0,0.0,223.89,305000000000
,DEBIT,100.0,Food,100.0,0.0,123.89,305000000000
,DEBIT,40.0,Food,40.0,0.0,83.89,342000000000
,DEBIT,40.0,Food,40.0,0.0,43.89,342000000000
,CREDIT,500.0,Misc,0.0,500.0,543.89,342000000000
,DEBIT,65.0,Food,65.0,0.0,478.89,305000000000
,DEBIT,20.0,Food,20.0,0.0,458.89,342000000000
,DEBIT,45.0,Food,45.0,0.0,413.89,305000000000
,DEBIT,33.0,Food,33.0,0.0,380.89,342000000000
,DEBIT,40.0,Food,40.0,0.0,340.89,305000000000
,DEBIT,30.0,Food,30.0,0.0,310.89,342000000000
,DEBIT,50.0,Food,50.0,0.0,260.89,305000000000
,DEBIT,35.0,Food,35.0,0.0,225.89,305000000000
,CREDIT,6000.0,Misc,0.0,6000.0,6225.89,342000000000
,DEBIT,5500.0,Misc,5500.0,0.0,725.89,305000000000
,DEBIT,50.0,Food,50.0,0.0,675.89,342000000000
,DEBIT,35.0,Food,35.0,0.0,640.89,342000000000
,DEBIT,50.0,Food,50.0,0.0,590.89,305000000000
,DEBIT,42.0,Food,42.0,0.0,548.89,305000000000
,DEBIT,20.0,Food,20.0,0.0,528.89,342000000000
,DEBIT,40.0,Food,40.0,0.0,488.89,305000000000
,DEBIT,400.0,Misc,400.0,0.0,88.89,342000000000
,DEBIT,30.0,Food,30.0,0.0,58.89,305000000000
,DEBIT,40.0,Food,40.0,0.0,18.89,305000000000
,CREDIT,34800.0,Salary,0.0,34800.0,34818.89,CHASS23053481613
,DEBIT,70.0,Food,70.0,0.0,34748.89,306000000000
,DEBIT,40.0,Food,40.0,0.0,34708.89,306000000000
,DEBIT,799.0,Misc,799.0,0.0,33909.89,306000000000
,DEBIT,180.0,Misc,180.0,0.0,33729.89,342000000000
,DEBIT,75.0,Food,75.0,0.0,33654.89,342000000000
,DEBIT,642.0,Misc,642.0,0.0,33012.89,306000000000
,DEBIT,12.0,Food,12.0,0.0,33000.89,342000000000
,DEBIT,10000.0,Misc,10000.0,0.0,23000.89,342000000000
,DEBIT,140.0,Misc,140.0,0.0,22860.89,306000000000
,DEBIT,20.0,Food,20.0,0.0,22840.89,342000000000
,DEBIT,10.0,Food,10.0,0.0,22830.89,342000000000
,DEBIT,40.0,Food,40.0,0.0,22790.89,342000000000
,DEBIT,500.0,Misc,500.0,0.0,22290.89,342000000000
,DEBIT,25.0,Food,25.0,0.0,22265.89,342000000000
,CREDIT,2000.0,Misc,0.0,2000.0,24265.89,342000000000
,DEBIT,4003.0,Misc,4003.0,0.0,20262.89,342000000000
,DEBIT,34.0,Food,34.0,0.0,20228.89,306000000000
,DEBIT,22.0,Food,22.0,0.0,20206.89,306000000000
,DEBIT,10.0,Food,10.0,0.0,20196.89,306000000000
,CREDIT,3400.0,Misc,0.0,3400.0,23596.89,306000000000
,DEBIT,20.0,Food,20.0,0.0,23576.89,342000000000
,DEBIT,4000.0,Misc,4000.0,0.0,19576.89,306000000000
,DEBIT,251.0,Shopping,251.0,0.0,19325.89,306000000000
,DEBIT,1000.0,Misc,1000.0,0.0,18325.89,342000000000
,DEBIT,429.0,Shopping,429.0,0.0,17896.89,342000000000
,DEBIT,2000.0,Misc,2000.0,0.0,15896.89,306000000000
,DEBIT,302.0,Misc,302.0,0.0,15594.89,306000000000
,DEBIT,299.0,Shopping,299.0,0.0,15295.89,306000000000
,DEBIT,20.0,Food,20.0,0.0,15275.89,306000000000
,DEBIT,40.0,Food,40.0,0.0,15235.89,342000000000
,DEBIT,570.0,Misc,570.0,0.0,14665.89,306000000000
,DEBIT,306.0,Misc,306.0,0.0,14359.89,306000000000
,DEBIT,100.0,Food,100.0,0.0,14259.89,306000000000
,DEBIT,1315.0,Misc,1315.0,0.0,12944.89,306000000000
,DEBIT,25.0,Food,25.0,0.0,12919.89,342000000000
,DEBIT,20.0,Food,20.0,0.0,12899.89,342000000000
,DEBIT,68.0,Food,68.0,0.0,12831.89,306000000000
,DEBIT,65.0,Food,65.0,0.0,12766.89,343000000000
,DEBIT,40.0,Food,40.0,0.0,12726.89,343000000000
,DEBIT,830.0,Misc,830.0,0.0,11896.89,306000000000
,DEBIT,20.0,Food,20.0,0.0,286.26,307000000000
,DEBIT,47.0,Food,47.0,0.0,239.26,307000000000
,DEBIT,65.0,Food,65.0,0.0,174.26,344000000000
,DEBIT,50.0,Food,50.0,0.0,124.26,307000000000
,DEBIT,85.0,Food,85.0,0.0,39.26,307000000000
,CREDIT,1000.0,Misc,0.0,1000.0,1039.26,307000000000
,DEBIT,79.0,Food,79.0,0.0,960.26,344000000000
,DEBIT,30.0,Food,30.0,0.0,930.26,307000000000
,DEBIT,55.0,Food,55.0,0.0,875.26,307000000000
,DEBIT,33.0,Food,33.0,0.0,842.26,344000000000
,DEBIT,50.0,Food,50.0,0.0,792.26,344000000000
,DEBIT,55.0,Food,55.0,0.0,737.26,307000000000
,DEBIT,136.0,Misc,136.0,0.0,601.26,308000000000
,DEBIT,50.0,Food,50.0,0.0,551.26,344000000000
,DEBIT,35.0,Food,35.0,0.0,516.26,344000000000
,DEBIT,30.0,Food,30.0,0.0,486.26,308000000000
,DEBIT,65.0,Food,65.0,0.0,421.26,308000000000
,DEBIT,50.0,Food,50.0,0.0,371.26,308000000000
,DEBIT,30.0,Food,30.0,0.0,341.26,308000000000
,DEBIT,30.0,Food,30.0,0.0,311.26,308000000000
,DEBIT,75.0,Food,75.0,0.0,236.26,308000000000
,DEBIT,30.0,Food,30.0,0.0,206.26,344000000000
,DEBIT,35.0,Food,35.0,0.0,171.26,308000000000
,DEBIT,30.0,Food,30.0,0.0,141.26,308000000000
,DEBIT,61.0,Food,61.0,0.0,80.26,344000000000
,DEBIT,30.0,Food,30.0,0.0,50.26,308000000000
,DEBIT,10.0,Food,10.0,0.0,40.26,308000000000
,DEBIT,30.0,Food,30.0,0.0,10.26,308000000000
,CREDIT,60.0,Misc,0.0,60.0,70.26,308000000000
,CREDIT,40.0,Misc,0.0,40.0,110.26,345000000000
,DEBIT,2.0,Misc,2.0,0.0,108.26,345000000000
,DEBIT,42.0,Food,42.0,0.0,66.26,345000000000
,CREDIT,34800.0,Salary,0.0,34800.0,34866.26,CHAST23081324539
,DEBIT,11000.0,Misc,11000.0,0.0,23866.26,345000000000
,DEBIT,1926.72,Misc,1926.72,0.0,21939.54,345000000000
,DEBIT,670.0,Shopping,670.0,0.0,21269.54,308000000000
,DEBIT,1479.0,Misc,1479.0,0.0,19790.54,345000000000
,DEBIT,81.0,Food,81.0,0.0,19709.54,308000000000
,DEBIT,48.0,Food,48.0,0.0,19661.54,345000000000
,DEBIT,72.0,Food,72.0,0.0,19589.54,345000000000
,DEBIT,42.0,Food,42.0,0.0,19547.54,308000000000
,DEBIT,5000.0,Misc,5000.0,0.0,14547.54,308000000000
,DEBIT,660.0,Misc,660.0,0.0,13887.54,308000000000
,DEBIT,66.0,Food,66.0,0.0,13821.54,345000000000
,DEBIT,30.0,Food,30.0,0.0,13791.54,345000000000
,DEBIT,100.0,Food,100.0,0.0,13691.54,345000000000
,DEBIT,1500.0,Misc,1500.0,0.0,12191.54,308000000000
,DEBIT,10.0,Food,10.0,0.0,12181.54,308000000000
,DEBIT,76.0,Food,76.0,0.0,12105.54,308000000000
,DEBIT,22.0,Food,22.0,0.0,12083.54,345000000000
,DEBIT,87.0,Food,87.0,0.0,11996.54,345000000000
,DEBIT,470.0,Misc,470.0,0.0,11526.54,308000000000
,DEBIT,2826.0,Misc,2826.0,0.0,8700.54,308000000000
,DEBIT,32.0,Food,32.0,0.0,8668.54,309000000000
,DEBIT,72.0,Food,72.0,0.0,8596.54,309000000000
,DEBIT,10.0,Food,10.0,0.0,8586.54,345000000000
,CREDIT,421.0,Misc,0.0,421.0,9007.54,345000000000
,DEBIT,150.0,Misc,150.0,0.0,8857.54,309000000000
,DEBIT,80.0,Food,80.0,0.0,8777.54,309000000000
,DEBIT,41.0,Food,41.0,0.0,8736.54,345000000000
,CREDIT,1000.0,Misc,0.0,1000.0,9736.54,345000000000
,CREDIT,802.0,Misc,0.0,802.0,10538.54,309000000000
,CREDIT,927.0,Misc,0.0,927.0,11465.54,309000000000
,DEBIT,10.0,Food,10.0,0.0,11455.54,309000000000
,DEBIT,254.0,Shopping,254.0,0.0,11201.54,345000000000
,CREDIT,5130.0,Misc,0.0,5130.0,16331.54,345000000000
,DEBIT,40.0,Food,40.0,0.0,16291.54,345000000000
,DEBIT,210.9,Misc,210.9,0.0,16080.64,345000000000
,DEBIT,144.0,Misc,144.0,0.0,15936.64,345000000000
,DEBIT,1000.0,Misc,1000.0,0.0,14936.64,309000000000
,DEBIT,52.0,Food,52.0,0.0,14884.64,345000000000
,DEBIT,30.0,Food,30.0,0.0,14854.64,345000000000
,DEBIT,42.0,Food,42.0,0.0,14812.64,345000000000
,DEBIT,22.0,Food,22.0,0.0,14790.64,345000000000
,DEBIT,32.0,Food,32.0,0.0,14758.64,345000000000
,DEBIT,353.0,Misc,353.0,0.0,14405.64,345000000000
,DEBIT,42.0,Food,42.0,0.0,14363.64,345000000000
,DEBIT,15.35,Food,15.35,0.0,14348.29,309000000000
,DEBIT,220.0,Misc,220.0,0.0,14128.29,309000000000
,DEBIT,20.0,Food,20.0,0.0,14108.29,345000000000
,DEBIT,90.0,Food,90.0,0.0,14018.29,346000000000
,DEBIT,150.0,Misc,150.0,0.0,13868.29,346000000000
,DEBIT,42.0,Food,42.0,0.0,13826.29,346000000000
,DEBIT,15.35,Food,15.35,0.0,13810.94,346000000000
,DEBIT,354.0,Misc,354.0,0.0,13456.94,346000000000
,DEBIT,55.0,Food,55.0,0.0,13401.94,346000000000
,DEBIT,75.0,Food,75.0,0.0,13326.94,309000000000
,DEBIT,50.0,Food,50.0,0.0,13276.94,309000000000
,DEBIT,47.0,Food,47.0,0.0,13229.94,346000000000
,DEBIT,40.0,Food,40.0,0.0,13189.94,346000000000
,DEBIT,115.0,Misc,115.0,0.0,13074.94,346000000000
,DEBIT,22.0,Food,22.0,0.0,13052.94,346000000000
,DEBIT,72.0,Food,72.0,0.0,1887.51,347000000000
,DEBIT,50.0,Food,50.0,0.0,1837.51,310000000000
,DEBIT,25.0,Food,25.0,0.0,1812.51,310000000000
,DEBIT,56.0,Food,56.0,0.0,1756.51,310000000000
,DEBIT,220.68,Food,220.68,0.0,1535.83,347000000000
,DEBIT,86.0,Food,86.0,0.0,1449.83,347000000000
,DEBIT,65.0,Food,65.0,0.0,1384.83,347000000000
,DEBIT,66.0,Food,66.0,0.0,1318.83,310000000000
,DEBIT,100.0,Food,100.0,0.0,1218.83,347000000000
,DEBIT,160.0,Misc,160.0,0.0,1058.83,347000000000
,DEBIT,70.0,Food,70.0,0.0,988.83,347000000000
,DEBIT,30.0,Food,30.0,0.0,958.83,311000000000
,DEBIT,100.0,Food,100.0,0.0,858.83,311000000000
,DEBIT,272.26,Food,272.26,0.0,586.57,347000000000
,DEBIT,110.0,Misc,110.0,0.0,476.57,347000000000
,DEBIT,75.0,Food,75.0,0.0,401.57,347000000000
,DEBIT,40.0,Food,40.0,0.0,361.57,347000000000
,DEBIT,9.0,Misc,9.0,0.0,352.57,311000000000
,CREDIT,500.0,Misc,0.0,500.0,852.57,347000000000
,DEBIT,120.0,Misc,120.0,0.0,732.57,347000000000
,DEBIT,50.0,Food,50.0,0.0,682.57,347000000000
,DEBIT,189.0,Shopping,189.0,0.0,493.57,347000000000
,DEBIT,30.0,Food,30.0,0.0,463.57,347000000000
,DEBIT,65.0,Food,65.0,0.0,398.57,347000000000
,DEBIT,10.0,Food,10.0,0.0,388.57,347000000000
,DEBIT,30.0,Food,30.0,0.0,358.57,311000000000
,DEBIT,80.0,Food,80.0,0.0,278.57,347000000000
,DEBIT,45.0,Food,45.0,0.0,233.57,347000000000
,DEBIT,65.0,Food,65.0,0.0,168.57,347000000000
,DEBIT,50.0,Food,50.0,0.0,118.57,311000000000
,DEBIT,15.3,Food,15.3,0.0,103.27,311000000000
,DEBIT,30.0,Food,30.0,0.0,73.27,347000000000
,DEBIT,20.0,Food,20.0,0.0,53.27,347000000000
,DEBIT,40.0,Food,40.0,0.0,13.27,311000000000
,CREDIT,35.0,Misc,0.0,35.0,48.27,348000000000
,CREDIT,1180.0,Misc,0.0,1180.0,1228.27,311000000000
,DEBIT,41.0,Food,41.0,0.0,1187.27,311000000000
,DEBIT,20.0,Food,20.0,0.0,1167.27,311000000000
,DEBIT,41.0,Food,41.0,0.0,1126.27,348000000000
,DEBIT,90.0,Food,90.0,0.0,1036.27,348000000000
,DEBIT,75.0,Food,75.0,0.0,961.27,348000000000
,DEBIT,60.0,Food,60.0,0.0,901.27,311000000000
,DEBIT,90.0,Food,90.0,0.0,811.27,348000000000
,DEBIT,130.0,Misc,130.0,0.0,681.27,348000000000
,DEBIT,231.4,Food,231.4,0.0,449.87,348000000000
,DEBIT,40.0,Food,40.0,0.0,409.87,311000000000
,DEBIT,120.0,Misc,120.0,0.0,289.87,348000000000
,DEBIT,50.0,Food,50.0,0.0,239.87,348000000000
,DEBIT,25.0,Food,25.0,0.0,214.87,311000000000
,DEBIT,20.0,Food,20.0,0.0,194.87,311000000000
,DEBIT,50.0,Food,50.0,0.0,144.87,348000000000
,DEBIT,90.0,Food,90.0,0.0,54.87,348000000000
,DEBIT,35.0,Food,35.0,0.0,19.87,348000000000
,DEBIT,10.0,Food,10.0,0.0,9.87,348000000000
,CREDIT,1745.0,Misc,0.0,1745.0,1754.87,311000000000
,DEBIT,730.0,Misc,730.0,0.0,1024.87,348000000000
,DEBIT,20.0,Food,20.0,0.0,1004.87,348000000000
,DEBIT,65.0,Food,65.0,0.0,939.87,348000000000
,DEBIT,40.0,Food,40.0,0.0,899.87,311000000000
,DEBIT,20.0,Food,20.0,0.0,879.87,311000000000
,DEBIT,20.0,Food,20.0,0.0,859.87,348000000000
,DEBIT,78.0,Food,78.0,0.0,781.87,348000000000
,CREDIT,539.0,Misc,0.0,539.0,1320.87,311000000000
,DEBIT,40.0,Food,40.0,0.0,1280.87,348000000000
,DEBIT,85.0,Food,85.0,0.0,1195.87,348000000000
,DEBIT,15.3,Food,15.3,0.0,1180.57,311000000000
,DEBIT,30.0,Food,30.0,0.0,1150.57,348000000000
,DEBIT,342.4,Food,342.4,0.0,808.17,348000000000
,CREDIT,292.4,Food,0.0,292.4,1100.57,348000000000
,DEBIT,205.45,Food,205.45,0.0,895.12,348000000000
,DEBIT,29.3,Food,29.3,0.0,865.82,312000000000
,CREDIT,34800.0,Salary,0.0,34800.0,35665.82,CHAST23111858452
,DEBIT,10000.0,Misc,10000.0,0.0,25665.82,312000000000
,DEBIT,999.0,Misc,999.0,0.0,24666.82,312000000000
,DEBIT,110.0,Misc,110.0,0.0,24556.82,348000000000
,DEBIT,50.0,Food,50.0,0.0,24506.82,348000000000
,DEBIT,1.0,Misc,1.0,0.0,24505.82,312000000000
,DEBIT,4999.0,Misc,4999.0,0.0,19506.82,312000000000
,DEBIT,275.0,Misc,275.0,0.0,19231.82,348000000000
,CREDIT,141.0,Misc,0.0,141.0,19372.82,312000000000
,DEBIT,92.0,Food,92.0,0.0,19280.82,348000000000
,DEBIT,28.0,Food,28.0,0.0,19252.82,348000000000
,DEBIT,399.0,Shopping,399.0,0.0,18853.82,312000000000
,DEBIT,95.0,Food,95.0,0.0,18758.82,348000000000
,DEBIT,539.0,Shopping,539.0,0.0,18219.82,348000000000
,DEBIT,85.0,Food,85.0,0.0,18134.82,312000000000
,CREDIT,1000.0,Misc,0.0,1000.0,19134.82,348000000000
,DEBIT,120.0,Misc,120.0,0.0,19014.82,348000000000
,DEBIT,30.0,Food,30.0,0.0,18984.82,348000000000
,DEBIT,30.0,Food,30.0,0.0,18954.82,312000000000
,DEBIT,400.0,Shopping,400.0,0.0,18554.82,312000000000
,DEBIT,190.0,Misc,190.0,0.0,18364.82,312000000000
,CREDIT,400.0,Shopping,0.0,400.0,18764.82,312000000000
,DEBIT,2023.0,Misc,2023.0,0.0,16741.82,312000000000
,DEBIT,15.0,Food,15.0,0.0,16726.82,312000000000
,DEBIT,287.95,Food,287.95,0.0,16438.87,312000000000
,DEBIT,700.0,Shopping,700.0,0.0,15738.87,348000000000
,DEBIT,20.0,Food,20.0,0.0,15718.87,348000000000
,DEBIT,100.0,Food,100.0,0.0,15618.87,312000000000
,DEBIT,100.0,Food,100.0,0.0,15518.87,348000000000
,DEBIT,28.0,Food,28.0,0.0,15490.87,348000000000
,DEBIT,10.0,Food,10.0,0.0,15480.87,312000000000
,DEBIT,70.0,Food,70.0,0.0,15410.87,312000000000
,DEBIT,10.0,Food,10.0,0.0,15400.87,312000000000
,DEBIT,180.0,Misc,180.0,0.0,15220.87,348000000000
,CREDIT,120.0,Misc,0.0,120.0,15340.87,348000000000
,DEBIT,30.0,Food,30.0,0.0,15310.87,348000000000
,DEBIT,75.0,Food,75.0,0.0,15235.87,348000000000
,DEBIT,42.0,Food,42.0,0.0,15193.87,348000000000
,DEBIT,180.0,Misc,180.0,0.0,15013.87,348000000000
,CREDIT,90.0,Misc,0.0,90.0,15103.87,312000000000
,DEBIT,35.0,Food,35.0,0.0,15068.87,348000000000
,DEBIT,30.0,Food,30.0,0.0,15038.87,348000000000
,DEBIT,220.0,Misc,220.0,0.0,14818.87,349000000000
,DEBIT,40.0,Food,40.0,0.0,14778.87,349000000000
,DEBIT,75.0,Food,75.0,0.0,14703.87,312000000000
,DEBIT,280.0,Misc,280.0,0.0,14423.87,349000000000
,DEBIT,120.0,Misc,120.0,0.0,14303.87,349000000000
,DEBIT,60.0,Food,60.0,0.0,14243.87,349000000000
,DEBIT,40.0,Food,40.0,0.0,14203.87,349000000000
,DEBIT,64.0,Food,64.0,0.0,14139.87,312000000000
,DEBIT,80.0,Food,80.0,0.0,14059.87,312000000000
,DEBIT,1044.0,Shopping,1044.0,0.0,13015.87,349000000000
,DEBIT,300.35,Food,300.35,0.0,12715.52,349000000000
,DEBIT,85.0,Food,85.0,0.0,12630.52,349000000000
,DEBIT,152.0,Misc,152.0,0.0,12478.52,349000000000
,DEBIT,50.0,Food,50.0,0.0,12428.52,349000000000
,CREDIT,130.0,Misc,0.0,130.0,1072.36,313000000000
,DEBIT,125.0,Misc,125.0,0.0,947.36,350000000000
,DEBIT,40.0,Food,40.0,0.0,907.36,350000000000
,DEBIT,120.0,Misc,120.0,0.0,787.36,350000000000
,DEBIT,121.0,Misc,121.0,0.0,666.36,350000000000
,DEBIT,40.0,Food,40.0,0.0,626.36,313000000000
,DEBIT,60.0,Food,60.0,0.0,566.36,350000000000
,DEBIT,154.5,Misc,154.5,0.0,411.86,313000000000
,DEBIT,45.0,Food,45.0,0.0,366.86,313000000000
,DEBIT,75.0,Food,75.0,0.0,291.86,350000000000
,CREDIT,60.0,Misc,0.0,60.0,351.86,313000000000
,CREDIT,120.0,Misc,0.0,120.0,471.86,313000000000
,CREDIT,500.0,Misc,0.0,500.0,971.86,314000000000
,DEBIT,65.0,Food,65.0,0.0,906.86,350000000000
,DEBIT,50.0,Food,50.0,0.0,856.86,350000000000
,DEBIT,65.0,Food,65.0,0.0,791.86,350000000000
,DEBIT,54.0,Food,54.0,0.0,737.86,314000000000
,DEBIT,140.0,Misc,140.0,0.0,597.86,350000000000
,DEBIT,60.0,Food,60.0,0.0,537.86,350000000000
,DEBIT,30.0,Food,30.0,0.0,507.86,350000000000
,DEBIT,20.0,Food,20.0,0.0,487.86,314000000000
,DEBIT,101.0,Misc,101.0,0.0,386.86,350000000000
,DEBIT,75.0,Food,75.0,0.0,311.86,350000000000
,DEBIT,60.0,Food,60.0,0.0,251.86,314000000000
,DEBIT,54.0,Food,54.0,0.0,197.86,350000000000
,DEBIT,150.0,Misc,150.0,0.0,47.86,350000000000
,DEBIT,40.0,Food,40.0,0.0,7.86,350000000000
,CREDIT,170.0,Misc,0.0,170.0,177.86,350000000000
,DEBIT,80.0,Food,80.0,0.0,97.86,350000000000
,CREDIT,1000.0,Misc,0.0,1000.0,1097.86,350000000000
,DEBIT,55.0,Food,55.0,0.0,1042.86,350000000000
,DEBIT,44.0,Food,44.0,0.0,998.86,350000000000
,DEBIT,50.0,Food,50.0,0.0,948.86,314000000000
,DEBIT,140.0,Misc,140.0,0.0,808.86,351000000000
,DEBIT,30.0,Food,30.0,0.0,778.86,314000000000
,DEBIT,76.0,Food,76.0,0.0,702.86,351000000000
,DEBIT,500.0,Misc,500.0,0.0,202.86,351000000000
,DEBIT,33.0,Food,33.0,0.0,169.86,351000000000
,DEBIT,58.0,Food,58.0,0.0,111.86,314000000000
,DEBIT,95.0,Food,95.0,0.0,16.86,314000000000
,CREDIT,110.0,Misc,0.0,110.0,126.86,351000000000
,DEBIT,10.0,Food,10.0,0.0,116.86,351000000000
,DEBIT,72.0,Food,72.0,0.0,44.86,351000000000
,CREDIT,300.0,Misc,0.0,300.0,344.86,314000000000
,DEBIT,90.0,Food,90.0,0.0,254.86,314000000000
,DEBIT,30.0,Food,30.0,0.0,224.86,351000000000
,DEBIT,30.0,Food,30.0,0.0,194.86,351000000000
,CREDIT,34800.0,Salary,0.0,34800.0,34994.86,CHASU23143454301
,DEBIT,1000.0,Misc,1000.0,0.0,33994.86,315000000000
,DEBIT,10000.0,Misc,10000.0,0.0,23994.86,315000000000
,DEBIT,270.0,Misc,270.0,0.0,23724.86,351000000000
,DEBIT,40.0,Food,40.0,0.0,23684.86,351000000000
,DEBIT,72.0,Food,72.0,0.0,23612.86,351000000000
,DEBIT,20.0,Food,20.0,0.0,23592.86,351000000000
,DEBIT,363.9,Food,363.9,0.0,23228.96,351000000000
,DEBIT,10000.0,Misc,10000.0,0.0,13228.96,351000000000
,DEBIT,40.0,Food,40.0,0.0,13188.96,351000000000
,CREDIT,10.0,Misc,0.0,10.0,13198.96,315000000000
,DEBIT,239.0,Misc,239.0,0.0,12959.96,315000000000
,DEBIT,65.0,Food,65.0,0.0,12894.96,351000000000
,DEBIT,50.0,Food,50.0,0.0,12844.96,315000000000
,DEBIT,2185.0,Misc,2185.0,0.0,10659.96,351000000000
,DEBIT,200.0,Misc,200.0,0.0,10459.96,351000000000
,DEBIT,115.0,Misc,115.0,0.0,10344.96,351000000000
,DEBIT,204.0,Misc,204.0,0.0,10140.96,351000000000
,DEBIT,10.0,Food,10.0,0.0,10130.96,315000000000
,DEBIT,10.0,Food,10.0,0.0,10120.96,315000000000
,DEBIT,307.0,Misc,307.0,0.0,9813.96,351000000000
,CREDIT,675.0,Misc,0.0,675.0,10488.96,351000000000
,DEBIT,1500.0,Misc,1500.0,0.0,8988.96,351000000000
,DEBIT,180.0,Misc,180.0,0.0,8808.96,351000000000
,DEBIT,20.0,Food,20.0,0.0,8788.96,351000000000
,CREDIT,675.0,Misc,0.0,675.0,9463.96,315000000000
,DEBIT,197.0,Shopping,197.0,0.0,9266.96,351000000000
,DEBIT,80.0,Food,80.0,0.0,9186.96,351000000000
,DEBIT,100.0,Food,100.0,0.0,9086.96,351000000000
,DEBIT,55.0,Food,55.0,0.0,9031.96,351000000000
,DEBIT,364.0,Misc,364.0,0.0,8667.96,315000000000
,DEBIT,186.0,Shopping,186.0,0.0,8481.96,315000000000
,DEBIT,30.0,Food,30.0,0.0,8451.96,351000000000
,DEBIT,55.0,Food,55.0,0.0,3013.55,353000000000
,DEBIT,30.0,Food,30.0,0.0,2983.55,353000000000
,DEBIT,50.0,Food,50.0,0.0,2933.55,353000000000
,DEBIT,100.0,Food,100.0,0.0,2833.55,353000000000
,DEBIT,20.0,Food,20.0,0.0,2813.55,316000000000
,DEBIT,30.0,Food,30.0,0.0,2783.55,316000000000
,CREDIT,1000.0,Misc,0.0,1000.0,3783.55,353000000000
,DEBIT,28.0,Food,28.0,0.0,3755.55,353000000000
,DEBIT,40.0,Food,40.0,0.0,3715.55,317000000000
,DEBIT,1100.0,Misc,1100.0,0.0,2615.55,353000000000
,DEBIT,125.0,Misc,125.0,0.0,2490.55,317000000000
,DEBIT,100.0,Food,100.0,0.0,2390.55,317000000000
,DEBIT,385.0,Misc,385.0,0.0,2005.55,353000000000
,DEBIT,750.0,Misc,750.0,0.0,1255.55,317000000000
,DEBIT,10.0,Food,10.0,0.0,1245.55,317000000000
,DEBIT,138.0,Misc,138.0,0.0,1107.55,317000000000
,DEBIT,10.0,Food,10.0,0.0,1097.55,317000000000
,DEBIT,100.0,Food,100.0,0.0,997.55,317000000000
,DEBIT,60.0,Food,60.0,0.0,937.55,317000000000
,DEBIT,100.0,Food,100.0,0.0,837.55,353000000000
,DEBIT,60.0,Food,60.0,0.0,777.55,353000000000
,DEBIT,10.0,Food,10.0,0.0,767.55,353000000000
,DEBIT,20.0,Food,20.0,0.0,747.55,317000000000
,DEBIT,10.0,Food,10.0,0.0,737.55,317000000000
,DEBIT,20.0,Food,20.0,0.0,717.55,354000000000
,DEBIT,40.0,Food,40.0,0.0,677.55,354000000000
,DEBIT,50.0,Food,50.0,0.0,627.55,354000000000
,DEBIT,20.0,Food,20.0,0.0,607.55,354000000000
,CREDIT,400.0,Misc,0.0,400.0,1007.55,317000000000
,DEBIT,327.0,Misc,327.0,0.0,680.55,354000000000
,DEBIT,25.0,Food,25.0,0.0,655.55,354000000000
,DEBIT,20.0,Food,20.0,0.0,635.55,354000000000
,DEBIT,55.0,Food,55.0,0.0,580.55,354000000000
,DEBIT,40.0,Food,40.0,0.0,540.55,354000000000
,DEBIT,10.0,Food,10.0,0.0,530.55,354000000000
,DEBIT,20.0,Food,20.0,0.0,510.55,354000000000
,DEBIT,8.26,Misc,8.26,0.0,502.29,317000000000
,CREDIT,34800.0,Salary,0.0,34800.0,35302.29,CHASU23172917734
,DEBIT,2000.0,Misc,2000.0,0.0,33302.29,317000000000
,DEBIT,3000.0,Misc,3000.0,0.0,30302.29,354000000000
,DEBIT,10000.0,Misc,10000.0,0.0,20302.29,318000000000
,DEBIT,1000.0,Misc,1000.0,0.0,19302.29,318000000000
,DEBIT,100.0,Food,100.0,0.0,19202.29,318000000000
,DEBIT,409.0,Misc,409.0,0.0,18793.29,318000000000
,DEBIT,200.0,Misc,200.0,0.0,18593.29,318000000000
,DEBIT,424.0,Misc,424.0,0.0,18169.29,318000000000
,DEBIT,600.0,Misc,600.0,0.0,17569.29,354000000000
,DEBIT,100.0,Food,100.0,0.0,17469.29,354000000000
,DEBIT,5000.0,Misc,5000.0,0.0,12469.29,354000000000
,DEBIT,528.44,Misc,528.44,0.0,11940.85,318000000000
,CREDIT,1.0,Misc,0.0,1.0,11941.85,318000000000
,DEBIT,100.0,Food,100.0,0.0,11841.85,354000000000
,DEBIT,2100.0,Misc,2100.0,0.0,9741.85,318000000000
,DEBIT,119.0,Misc,119.0,0.0,9622.85,354000000000
,DEBIT,500.0,Misc,500.0,0.0,9122.85,318000000000
,DEBIT,7630.0,Misc,7630.0,0.0,1492.85,355000000000
,DEBIT,467.0,Misc,467.0,0.0,1025.85,355000000000
,DEBIT,60.0,Food,60.0,0.0,1338.94,319000000000
,DEBIT,198.32,Food,198.32,0.0,1140.62,356000000000
,DEBIT,50.0,Food,50.0,0.0,1090.62,319000000000
,DEBIT,50.0,Food,50.0,0.0,1040.62,319000000000
,DEBIT,20.0,Food,20.0,0.0,1020.62,319000000000
,DEBIT,10.0,Food,10.0,0.0,1010.62,319000000000
,DEBIT,5.0,Misc,5.0,0.0,1005.62,320000000000
,DEBIT,270.0,Misc,270.0,0.0,735.62,320000000000
,DEBIT,70.0,Food,70.0,0.0,665.62,320000000000
,DEBIT,10.0,Food,10.0,0.0,655.62,320000000000
,DEBIT,40.0,Food,40.0,0.0,615.62,320000000000
,DEBIT,71.0,Food,71.0,0.0,544.62,320000000000
,DEBIT,40.0,Food,40.0,0.0,504.62,320000000000
,DEBIT,40.0,Food,40.0,0.0,464.62,320000000000
,DEBIT,345.0,Misc,345.0,0.0,119.62,320000000000
,DEBIT,20.0,Food,20.0,0.0,99.62,320000000000
,DEBIT,40.0,Food,40.0,0.0,59.62,320000000000
,DEBIT,20.0,Food,20.0,0.0,39.62,320000000000
,DEBIT,30.0,Food,30.0,0.0,9.62,320000000000
,CREDIT,1000.0,Misc,0.0,1000.0,1009.62,357000000000
,DEBIT,100.0,Food,100.0,0.0,909.62,320000000000
,DEBIT,30.0,Food,30.0,0.0,879.62,320000000000
,DEBIT,70.0,Food,70.0,0.0,809.62,320000000000
,DEBIT,50.0,Food,50.0,0.0,759.62,320000000000
,DEBIT,40.0,Food,40.0,0.0,719.62,320000000000
,DEBIT,207.0,Misc,207.0,0.0,512.62,320000000000
,DEBIT,92.0,Food,92.0,0.0,420.62,320000000000
,DEBIT,250.0,Misc,250.0,0.0,170.62,320000000000
,CREDIT,1000.0,Misc,0.0,1000.0,1170.62,320000000000
,DEBIT,58.0,Food,58.0,0.0,1112.62,320000000000
,DEBIT,220.0,Misc,220.0,0.0,892.62,320000000000
,DEBIT,50.0,Food,50.0,0.0,842.62,320000000000
,DEBIT,100.0,Food,100.0,0.0,742.62,320000000000
,DEBIT,41.0,Food,41.0,0.0,701.62,320000000000
,DEBIT,41.0,Food,41.0,0.0,660.62,320000000000
,DEBIT,50.0,Food,50.0,0.0,610.62,320000000000
,DEBIT,90.0,Food,90.0,0.0,520.62,320000000000
,DEBIT,40.0,Food,40.0,0.0,480.62,320000000000
,DEBIT,10.0,Food,10.0,0.0,470.62,320000000000
,DEBIT,30.0,Food,30.0,0.0,440.62,320000000000
,CREDIT,500.0,Misc,0.0,500.0,940.62,357000000000
,DEBIT,10.0,Food,10.0,0.0,930.62,320000000000
,DEBIT,160.0,Misc,160.0,0.0,770.62,320000000000
,DEBIT,30.0,Food,30.0,0.0,740.62,320000000000
,DEBIT,30.0,Food,30.0,0.0,710.62,320000000000
,DEBIT,180.0,Misc,180.0,0.0,530.62,320000000000
,DEBIT,51.0,Food,51.0,0.0,479.62,320000000000
,DEBIT,10.0,Food,10.0,0.0,469.62,320000000000
,DEBIT,20.0,Food,20.0,0.0,449.62,321000000000
,DEBIT,20.0,Food,20.0,0.0,429.62,321000000000
,DEBIT,170.0,Misc,170.0,0.0,259.62,321000000000
,DEBIT,50.0,Food,50.0,0.0,209.62,321000000000
,DEBIT,50.0,Food,50.0,0.0,159.62,321000000000
,CREDIT,34800.0,Salary,0.0,34800.0,34959.62,CHASV23202393703
,DEBIT,2553.0,Shopping,2553.0,0.0,32406.62,321000000000
,DEBIT,10000.0,Misc,10000.0,0.0,22406.62,321000000000
,DEBIT,50.0,Food,50.0,0.0,22356.62,357000000000
,DEBIT,1001.0,Misc,1001.0,0.0,21355.62,321000000000
,DEBIT,130.0,Misc,130.0,0.0,21225.62,321000000000
,DEBIT,60.0,Food,60.0,0.0,21165.62,321000000000
,DEBIT,7500.0,Misc,7500.0,0.0,13665.62,321000000000
,DEBIT,70.0,Food,70.0,0.0,13595.62,321000000000
,DEBIT,350.0,Misc,350.0,0.0,13245.62,321000000000
,DEBIT,30.0,Food,30.0,0.0,13215.62,321000000000
,DEBIT,259.0,Shopping,259.0,0.0,12956.62,357000000000
,CREDIT,259.0,Shopping,0.0,259.0,13215.62,321000000000
,DEBIT,249.0,Shopping,249.0,0.0,12966.62,321000000000
,DEBIT,1000.0,Misc,1000.0,0.0,11966.62,321000000000
,DEBIT,40.0,Food,40.0,0.0,11926.62,321000000000
,DEBIT,1500.0,Misc,1500.0,0.0,10426.62,321000000000
,DEBIT,150.0,Misc,150.0,0.0,10276.62,321000000000
,DEBIT,60.0,Food,60.0,0.0,10216.62,321000000000
,DEBIT,480.0,Misc,480.0,0.0,9736.62,321000000000
,DEBIT,40.0,Food,40.0,0.0,9696.62,321000000000
,DEBIT,200.0,Misc,200.0,0.0,9496.62,321000000000
,DEBIT,108.0,Misc,108.0,0.0,9388.62,321000000000
,DEBIT,100.0,Food,100.0,0.0,9288.62,321000000000
,DEBIT,175.0,Misc,175.0,0.0,9113.62,321000000000
,DEBIT,150.0,Misc,150.0,0.0,8963.62,321000000000
,DEBIT,20.0,Food,20.0,0.0,8943.62,321000000000
,DEBIT,30.0,Food,30.0,0.0,8913.62,321000000000
,DEBIT,5.0,Misc,5.0,0.0,8908.62,321000000000
,DEBIT,199.0,Shopping,199.0,0.0,8709.62,357000000000
,DEBIT,75.0,Food,75.0,0.0,8634.62,321000000000
,DEBIT,20.0,Food,20.0,0.0,8614.62,321000000000
,DEBIT,30.0,Food,30.0,0.0,8584.62,358000000000
,DEBIT,23.0,Food,23.0,0.0,8561.62,321000000000
,DEBIT,10.0,Food,10.0,0.0,8551.62,321000000000
,DEBIT,60.0,Food,60.0,0.0,8491.62,321000000000
,DEBIT,50.0,Food,50.0,0.0,8441.62,321000000000
,DEBIT,40.0,Food,40.0,0.0,8401.62,321000000000
,DEBIT,160.0,Misc,160.0,0.0,8241.62,321000000000
,DEBIT,320.0,Misc,320.0,0.0,7921.62,321000000000
,DEBIT,50.0,Food,50.0,0.0,7871.62,321000000000
,DEBIT,170.0,Misc,170.0,0.0,7701.62,321000000000
,DEBIT,20.0,Food,20.0,0.0,7681.62,321000000000
,DEBIT,30.0,Food,30.0,0.0,7651.62,321000000000
,DEBIT,20.0,Food,20.0,0.0,7631.62,321000000000
,DEBIT,110.0,Misc,110.0,0.0,7521.62,321000000000
,CREDIT,2000.0,Misc,0.0,2000.0,2141.62,323000000000
,DEBIT,80.0,Food,80.0,0.0,2061.62,323000000000
,DEBIT,50.0,Food,50.0,0.0,2011.62,323000000000
,DEBIT,130.0,Misc,130.0,0.0,1881.62,323000000000
,DEBIT,189.0,Misc,189.0,0.0,1692.62,323000000000
,DEBIT,30.0,Food,30.0,0.0,1662.62,323000000000
,DEBIT,500.0,Misc,500.0,0.0,1162.62,323000000000
,DEBIT,10.0,Food,10.0,0.0,1152.62,323000000000
,DEBIT,99.0,Food,99.0,0.0,1053.62,323000000000
,DEBIT,50.0,Food,50.0,0.0,1003.62,323000000000
,DEBIT,50.0,Food,50.0,0.0,953.62,323000000000
,DEBIT,358.0,Misc,358.0,0.0,595.62,323000000000
,DEBIT,30.0,Food,30.0,0.0,565.62,323000000000
,DEBIT,20.0,Food,20.0,0.0,545.62,323000000000
,DEBIT,40.0,Food,40.0,0.0,505.62,323000000000
,DEBIT,30.0,Food,30.0,0.0,475.62,323000000000
,CREDIT,25.0,Misc,0.0,25.0,500.62,323000000000
,DEBIT,60.0,Food,60.0,0.0,440.62,323000000000
,DEBIT,10.0,Food,10.0,0.0,430.62,323000000000
,DEBIT,40.0,Food,40.0,0.0,390.62,323000000000
,DEBIT,42.0,Food,42.0,0.0,348.62,323000000000
,DEBIT,230.0,Misc,230.0,0.0,118.62,323000000000
,DEBIT,40.0,Food,40.0,0.0,78.62,323000000000
,DEBIT,50.0,Food,50.0,0.0,28.62,323000000000
,CREDIT,1500.0,Misc,0.0,1500.0,1528.62,323000000000
,DEBIT,1000.0,Misc,1000.0,0.0,528.62,323000000000
,DEBIT,50.0,Food,50.0,0.0,478.62,323000000000
,DEBIT,161.55,Food,161.55,0.0,317.07,360000000000
,DEBIT,60.0,Food,60.0,0.0,257.07,323000000000
,DEBIT,40.0,Food,40.0,0.0,217.07,323000000000
,DEBIT,67.2,Food,67.2,0.0,149.87,360000000000
,DEBIT,20.0,Food,20.0,0.0,129.87,323000000000
,CREDIT,1000.0,Misc,0.0,1000.0,1129.87,323000000000
,DEBIT,86.0,Food,86.0,0.0,1043.87,323000000000
,DEBIT,276.0,Misc,276.0,0.0,767.87,360000000000
,DEBIT,50.0,Food,50.0,0.0,717.87,323000000000
,DEBIT,390.0,Misc,390.0,0.0,327.87,323000000000
,DEBIT,40.0,Food,40.0,0.0,287.87,323000000000
,CREDIT,1000.0,Misc,0.0,1000.0,1287.87,323000000000
,DEBIT,50.0,Food,50.0,0.0,1237.87,323000000000
,DEBIT,40.0,Food,40.0,0.0,1197.87,323000000000
,DEBIT,20.0,Food,20.0,0.0,1177.87,323000000000
,DEBIT,30.0,Food,30.0,0.0,1147.87,323000000000
,DEBIT,60.0,Food,60.0,0.0,1087.87,323000000000
,DEBIT,60.0,Food,60.0,0.0,1027.87,323000000000
,DEBIT,5.0,Misc,5.0,0.0,1022.87,323000000000
,DEBIT,174.95,Food,174.95,0.0,847.92,360000000000
,DEBIT,40.0,Food,40.0,0.0,807.92,323000000000
,DEBIT,400.0,Misc,400.0,0.0,407.92,323000000000
,DEBIT,20.0,Food,20.0,0.0,387.92,323000000000
,DEBIT,160.0,Misc,160.0,0.0,227.92,323000000000
,DEBIT,50.0,Food,50.0,0.0,177.92,323000000000
,DEBIT,22.0,Food,22.0,0.0,155.92,323000000000
,DEBIT,75.0,Food,75.0,0.0,80.92,360000000000
,DEBIT,40.0,Food,40.0,0.0,40.92,323000000000
,CREDIT,1000.0,Misc,0.0,1000.0,1040.92,323000000000
,DEBIT,70.0,Food,70.0,0.0,970.92,360000000000
,CREDIT,70.0,Misc,0.0,70.0,1040.92,323000000000
,DEBIT,55.0,Food,55.0,0.0,985.92,360000000000
,DEBIT,50.0,Food,50.0,0.0,935.92,323000000000
,DEBIT,10.0,Food,10.0,0.0,925.92,323000000000
,DEBIT,38.0,Food,38.0,0.0,887.92,323000000000
,DEBIT,20.0,Food,20.0,0.0,867.92,323000000000
,DEBIT,28.0,Food,28.0,0.0,839.92,360000000000
,DEBIT,23.0,Food,23.0,0.0,816.92,324000000000
,DEBIT,30.0,Food,30.0,0.0,786.92,324000000000
,DEBIT,50.0,Food,50.0,0.0,736.92,324000000000
,DEBIT,30.0,Food,30.0,0.0,706.92,324000000000
,DEBIT,200.0,Misc,200.0,0.0,506.92,324000000000
,DEBIT,201.0,Food,201.0,0.0,305.92,324000000000
,DEBIT,100.0,Food,100.0,0.0,205.92,324000000000
,DEBIT,50.0,Food,50.0,0.0,155.92,324000000000
,DEBIT,59.0,Food,59.0,0.0,96.92,324000000000
,DEBIT,50.0,Food,50.0,0.0,46.92,324000000000
,CREDIT,34800.0,Salary,0.0,34800.0,34846.92,CHASV23235906561
,DEBIT,5000.0,Misc,5000.0,0.0,29846.92,360000000000
,DEBIT,8000.0,Misc,8000.0,0.0,21846.92,360000000000
,DEBIT,1000.0,Misc,1000.0,0.0,20846.92,360000000000
,DEBIT,1000.0,Misc,1000.0,0.0,19846.92,360000000000
,DEBIT,34.0,Food,34.0,0.0,19812.92,324000000000
,DEBIT,1000.0,Misc,1000.0,0.0,18812.92,324000000000
,DEBIT,380.0,Misc,380.0,0.0,18432.92,324000000000
,CREDIT,140.0,Misc,0.0,140.0,18572.92,360000000000
,DEBIT,100.0,Food,100.0,0.0,18472.92,324000000000
,DEBIT,1720.0,Misc,1720.0,0.0,16752.92,324000000000
,DEBIT,200.0,Misc,200.0,0.0,16552.92,324000000000
,DEBIT,188.0,Misc,188.0,0.0,16364.92,324000000000
,DEBIT,40.0,Food,40.0,0.0,16324.92,324000000000
,DEBIT,70.0,Food,70.0,0.0,16254.92,324000000000
,CREDIT,15.0,Misc,0.0,15.0,16269.92,360000000000
,DEBIT,50.0,Food,50.0,0.0,16219.92,324000000000
,DEBIT,120.0,Misc,120.0,0.0,16099.92,324000000000
,DEBIT,30.0,Food,30.0,0.0,16069.92,324000000000
,DEBIT,430.0,Misc,430.0,0.0,15639.92,324000000000
,CREDIT,70.0,Misc,0.0,70.0,15709.92,360000000000
,DEBIT,112.0,Misc,112.0,0.0,15597.92,324000000000
,CREDIT,10.0,Misc,0.0,10.0,15607.92,360000000000
,DEBIT,118.0,Misc,118.0,0.0,15489.92,324000000000
,DEBIT,10.0,Food,10.0,0.0,15479.92,324000000000
,DEBIT,1000.0,Misc,1000.0,0.0,14479.92,324000000000
,DEBIT,188.2,Food,188.2,0.0,14291.72,360000000000
,DEBIT,40.0,Food,40.0,0.0,14251.72,360000000000
,DEBIT,199.0,Misc,199.0,0.0,14052.72,324000000000
,DEBIT,30.0,Food,30.0,0.0,14022.72,324000000000
,DEBIT,58.0,Food,58.0,0.0,13964.72,324000000000
,CREDIT,12.0,Misc,0.0,12.0,13976.72,361000000000
,DEBIT,100.0,Food,100.0,0.0,13876.72,324000000000
,DEBIT,50.0,Food,50.0,0.0,13826.72,324000000000
,DEBIT,203.66,Food,203.66,0.0,13623.06,324000000000
,DEBIT,105.0,Misc,105.0,0.0,13518.06,361000000000
,DEBIT,40.0,Food,40.0,0.0,13478.06,324000000000
,DEBIT,5.0,Misc,5.0,0.0,13473.06,324000000000
,DEBIT,23.0,Food,23.0,0.0,13450.06,361000000000
,DEBIT,30.0,Food,30.0,0.0,13420.06,324000000000
,DEBIT,43.0,Food,43.0,0.0,13377.06,324000000000
,DEBIT,10.0,Food,10.0,0.0,13367.06,324000000000
,DEBIT,185.2,Food,185.2,0.0,13181.86,361000000000
,DEBIT,110.0,Misc,110.0,0.0,13071.86,361000000000
,CREDIT,55.0,Misc,0.0,55.0,13126.86,324000000000
,DEBIT,40.0,Food,40.0,0.0,13086.86,324000000000
,DEBIT,100.0,Food,100.0,0.0,12986.86,361000000000
,DEBIT,40.0,Food,40.0,0.0,12946.86,324000000000
,DEBIT,30.0,Food,30.0,0.0,12916.86,324000000000
,DEBIT,100.0,Food,100.0,0.0,12816.86,361000000000
,DEBIT,30.0,Food,30.0,0.0,12786.86,324000000000
,CREDIT,20000.0,Misc,0.0,20000.0,32786.86,324000000000
,DEBIT,20000.0,Misc,20000.0,0.0,12786.86,324000000000
,DEBIT,440.0,Misc,440.0,0.0,12346.86,324000000000
,DEBIT,23.0,Food,23.0,0.0,22.33,362000000000
,DEBIT,10.0,Food,10.0,0.0,12.33,326000000000
,CREDIT,1000.0,Misc,0.0,1000.0,1012.33,327000000000
,DEBIT,300.1,Misc,300.1,0.0,712.23,327000000000
,DEBIT,700.0,Misc,700.0,0.0,12.23,327000000000
,CREDIT,34800.0,Salary,0.0,34800.0,34812.23,CHASH26441571950
,DEBIT,7451.0,Misc,7451.0,0.0,27361.23,327000000000
,CREDIT,7152.0,Misc,0.0,7152.0,34513.23,363000000000
,DEBIT,8624.0,Misc,8624.0,0.0,25889.23,327000000000
,DEBIT,10000.0,Misc,10000.0,0.0,15889.23,363000000000
,DEBIT,2313.0,Misc,2313.0,0.0,13576.23,363000000000
,DEBIT,7500.0,Misc,7500.0,0.0,6076.23,363000000000
,DEBIT,120.0,Misc,120.0,0.0,5956.23,327000000000
,DEBIT,36.0,Food,36.0,0.0,5920.23,327000000000
,DEBIT,40.0,Food,40.0,0.0,5880.23,327000000000
,DEBIT,275.0,Misc,275.0,0.0,5605.23,363000000000
,DEBIT,329.0,Misc,329.0,0.0,5276.23,327000000000
,DEBIT,36.0,Food,36.0,0.0,5240.23,327000000000
,DEBIT,10.0,Food,10.0,0.0,5230.23,327000000000
,DEBIT,50.0,Food,50.0,0.0,5180.23,327000000000
,DEBIT,159.56,Food,159.56,0.0,5020.67,364000000000
,DEBIT,1000.0,Misc,1000.0,0.0,4020.67,327000000000
,DEBIT,55.0,Food,55.0,0.0,3965.67,364000000000
,DEBIT,50.0,Food,50.0,0.0,3915.67,327000000000
,DEBIT,100.0,Food,100.0,0.0,3815.67,364000000000
,DEBIT,40.0,Food,40.0,0.0,3775.67,327000000000
,DEBIT,155.5,Food,155.5,0.0,3620.17,364000000000
,DEBIT,240.0,Misc,240.0,0.0,3380.17,327000000000
,DEBIT,247.0,Misc,247.0,0.0,3133.17,327000000000
,DEBIT,48.0,Food,48.0,0.0,3085.17,327000000000
,DEBIT,20.0,Food,20.0,0.0,3065.17,327000000000
,DEBIT,880.0,Misc,880.0,0.0,2185.17,327000000000
,DEBIT,110.0,Misc,110.0,0.0,2075.17,327000000000
,DEBIT,10.0,Food,10.0,0.0,2065.17,327000000000
,DEBIT,183.85,Misc,183.85,0.0,1881.32,327000000000
,DEBIT,50.0,Food,50.0,0.0,1831.32,327000000000
,DEBIT,36.0,Food,36.0,0.0,721.89,329000000000
,DEBIT,270.0,Misc,270.0,0.0,451.89,365000000000
,DEBIT,24.0,Food,24.0,0.0,427.89,329000000000
,CREDIT,270.0,Misc,0.0,270.0,697.89,329000000000
,DEBIT,291.0,Misc,291.0,0.0,406.89,329000000000
,CREDIT,3500.0,Misc,0.0,3500.0,3906.89,366000000000
,DEBIT,1500.0,Misc,1500.0,0.0,2406.89,329000000000
,CREDIT,286.0,Misc,0.0,286.0,2692.89,329000000000
,DEBIT,300.0,Misc,300.0,0.0,2392.89,329000000000
,DEBIT,150.0,Misc,150.0,0.0,2242.89,329000000000
,DEBIT,40.0,Food,40.0,0.0,2202.89,329000000000
,DEBIT,248.0,Misc,248.0,0.0,1954.89,366000000000
,DEBIT,30.0,Food,30.0,0.0,1924.89,366000000000
,DEBIT,214.74,Food,214.74,0.0,1710.15,366000000000
,DEBIT,65.0,Food,65.0,0.0,1645.15,329000000000
,DEBIT,706.0,Misc,706.0,0.0,939.15,329000000000
,DEBIT,150.0,Misc,150.0,0.0,789.15,329000000000
,DEBIT,234.0,Misc,234.0,0.0,555.15,329000000000
,DEBIT,60.0,Food,60.0,0.0,495.15,329000000000
,DEBIT,65.0,Food,65.0,0.0,430.15,329000000000
,DEBIT,10.0,Food,10.0,0.0,420.15,329000000000
,DEBIT,20.0,Food,20.0,0.0,400.15,329000000000
,DEBIT,18.0,Food,18.0,0.0,382.15,329000000000
,DEBIT,25.0,Food,25.0,0.0,357.15,329000000000
,DEBIT,100.0,Food,100.0,0.0,257.15,330000000000
,CREDIT,3150.0,Misc,0.0,3150.0,3407.15,330000000000
,DEBIT,3407.0,Misc,3407.0,0.0,0.15,367000000000
,CREDIT,33209.0,Misc,0.0,33209.0,33209.15,CHASH31948851670
,DEBIT,5000.0,Misc,5000.0,0.0,28209.15,369000000000
,DEBIT,3500.0,Misc,3500.0,0.0,24709.15,369000000000
,DEBIT,20000.0,Misc,20000.0,0.0,4709.15,369000000000
,DEBIT,1500.0,Misc,1500.0,0.0,3209.15,369000000000
,DEBIT,69.0,Food,69.0,0.0,3140.15,332000000000
,DEBIT,100.0,Food,100.0,0.0,3040.15,332000000000
,DEBIT,116.0,Misc,116.0,0.0,2924.15,332000000000
,DEBIT,1999.0,Shopping,1999.0,0.0,925.15,369000000000
,CREDIT,1999.0,Shopping,0.0,1999.0,2924.15,369000000000
,DEBIT,150.0,Misc,150.0,0.0,2774.15,333000000000
,DEBIT,150.0,Misc,150.0,0.0,2624.15,333000000000
,CREDIT,24769.0,Salary,0.0,24769.0,27393.15,CHASH32649207986
,DEBIT,499.0,Shopping,499.0,0.0,26894.15,369000000000
,DEBIT,1499.0,Misc,1499.0,0.0,25395.15,333000000000
,DEBIT,2000.0,Misc,2000.0,0.0,23395.15,369000000000
,DEBIT,21000.0,Misc,21000.0,0.0,2395.15,370000000000
,DEBIT,223.18,Food,223.18,0.0,2171.97,333000000000
,CREDIT,272.0,Misc,0.0,272.0,2443.97,333000000000
,DEBIT,720.0,Misc,720.0,0.0,1723.97,370000000000
,DEBIT,480.0,Misc,480.0,0.0,1243.97,370000000000
,DEBIT,250.0,Misc,250.0,0.0,993.97,370000000000
,DEBIT,130.0,Misc,130.0,0.0,863.97,370000000000
,CREDIT,50.0,Misc,0.0,50.0,913.97,333000000000
,DEBIT,26.0,Food,26.0,0.0,46.68,371000000000
,DEBIT,15.0,Food,15.0,0.0,31.68,371000000000
,CREDIT,1718.0,Transport,0.0,1718.0,1749.68,335000000000
,DEBIT,1718.0,Misc,1718.0,0.0,31.68,371000000000
